Words,Translation,Valence
aaien,to stroke,5.2
aal,eel,3.42
aalmoes,alms,3.3
aandachtig,attentive,5.3
aangenaam,pleasant,5.94
aanslag,assault,1.88
aanstoot,offense,3.05
aanstotelijk,offensive,3.16
aantrekkelijk,attractive,6.19
aanval,attack,2.59
aanvallen,to attack,2.92
aanvallend,offensive,2.86
aanwinst,acquisition,5.7
aanzien,respect,5.09
aanzienlijk,considerably,4.77
aap,monkey,4.5
aard,nature,4.23
aardbei,strawberry,5.42
aardbeving,earthquake,2.12
aarde,earth,4.83
aars,ass,2.68
aas,ace,3.73
absurd,absurd,3.22
abt,abbot,3.76
accent,accent,4.3
achten,to deem,4.23
acne,acne,2.2
act,act,4.14
actief,active,5.42
acuut,acute,3.27
adder,viper,3.16
adel,nobility,4.41
adelaar,eagle,4.61
adem,breath,4.78
ader,vein,3.75
adres,address,4.14
advies,advice,5.23
advocaat,lawyer,3.92
afbreken,to break off,2.78
afgunst,envy,2.22
afhankelijk,dependent,2.73
afkeer,aversion,2.17
afkeren,to dislike,2.59
afkerig,averse,2.46
afscheid,farewell,2.39
afschermen,to screen,3.66
afschuw,horror,2.09
afstand,distance,3.45
afstotelijk,repulsive,2.09
afstoten,to repell,2.44
afval,waste,2.61
afwachten,to wait,3.5
afwachtend,waiting,3.55
afwijzen,to reject,2.34
agentschap,agency,4
agressie,aggression,1.98
agressief,aggressive,1.88
aids,aids,1.47
akker,field,4.29
akkoord,agreement,5.3
akte,document,4.11
alarm,alarm,2.88
album,album,4.62
alcholisme,alcoholism,1.95
alert,alert,4.84
alleen,alone,2.78
altaar,altar,4.22
ambacht,craft,4.59
ambitie,ambition,5.66
ambitieus,ambitious,5.64
ambt,office,4.12
ander,other,4
angel,sting,2.88
angst,fear,2.22
angstig,anxious,2.11
anijs,anise,4.06
anjer,carnation,4.61
anker,anchor,4.25
ansjovis,anchovy,3.8
anti,anti,2.67
antiek,antique,4.38
antilope,antelope,4.61
antwoord,answer,4.56
anus,anus,2.81
apathie,apathy,2.57
apathisch,apathetic,2.33
appel,apple,4.77
applaus,applause,5.81
aquarium,aquarium,4.63
arbeid,labor,4.11
are,are,4.17
arend,eagle,4.42
argwaan,suspicion,2.48
ark,ark,4.11
arm,arm,3.36
armoe,poverty,1.95
armoede,poverty,1.89
armoedig,poor,2.09
armzalig,poor,2.17
arrest,arrest,2.45
arrogant,arrogant,2.27
artistiek,artistic,5.28
arts,physician,4.86
as,axis,3
asiel,asylum,2.83
asociaal,asocial,2.11
aspect,aspect,4.17
assertief,assertive,5.55
astma,asthma,2.44
atlas,atlas,4.25
atleet,athlete,5.03
attent,thoughtful,5.8
aula,auditorium,4.16
aura,aura,4.73
auto,car,4.53
autonomie,autonomy,5.22
autononoom,autonomous,5.14
autoritair,authoritarian,2.69
autoriteit,authority,3.52
avond,evening,5
avontuurlijk,adventurous,5.69
azen,to prey,3.59
azijn,vinegar,3.2
baai,bay,4.55
baan,job,4.7
baard,beard,4.06
baars,perch,3.92
baas,boss,3.73
baat,benefit,4.84
baby,baby,5.45
bacon,bacon,4.49
bad,bath,4.81
bak,container,3.84
baken,beacon,4.22
bakken,to bake,4.78
bakker,baker,4.77
bal,ball,4.58
balans,balance,5.09
balen,to be fed up,2.58
balie,bar,4.16
balk,beam,4
balkon,balcony,4.81
ballon,balloon,4.97
balpen,pen,4.25
balsem,balsam,4.44
bamboe,bamboo,4.55
banaal,banal,3.08
band,band,4.72
bandiet,bandit,2.52
bangerik,coward,2.53
banjo,banjo,4.56
bank,bank,4.28
bankroet,bankrupt,1.92
bannen,to eliminate,2.81
bar,bar,4.62
barak,barracks,3.31
barbaar,barbarian,2.34
baren,to bear,4.47
barok,baroque,4.38
baron,baron,4.06
bars,stern,3.29
barst,crack,2.92
barsten,to burst,2.92
bas,bass,4.45
basketbal,basketball,4.8
bast,bark,4.06
bastaard,bastard,2.72
baten,to benefit,4.82
bazaar,bazaar,4.07
bazig,bossy,2.5
bazooka,bazooka,2.65
bed,bed,5.11
bedaard,calm,4.4
bede,entreaty,4.02
bedeesd,timid,3.48
bedelaar,beggar,2.45
bedreiging,threat,2.12
bedreven,proficient,5.38
bedrieglijk,deceptive,2.27
bedrijvig,active,4.95
bedroefd,sad,2.28
bedroefdheid,sadness,2.27
bedrog,deception,1.91
beek,brook,4.53
beeld,image,4.41
beeldschoon,beautiful,6.47
been,leg,4.25
beer,bear,4.33
beerput,cesspool,2.42
beest,beast,3.48
beet,bite,3.28
begeerte,desire,4.87
begrafenis,funeral,1.72
begrijpend,understanding,5.48
behangpapier,wallpaper,4.14
behoeftig,needy,3.08
behoorlijk,proper,4.84
behulpzaam,helpful,5.84
beige,beige,3.95
beïnvloedbaar,impressionable,2.92
beitel,chisel,3.8
bek,beak,3.28
beker,cup,4.53
bekken,pelvis,4
bekommerd,concerned,4.28
bekrompen,narrow-minded,2.25
bekwaam,skilled,5.67
bel,bell,4.2
belaagd,attacked,2.61
belabberd,wretched,2.36
belangrijk,important,5.41
belasting,tax,2.61
belazerd,crazy,2.06
beledigd,offended,2.38
belediging,insult,2.17
beleefd,polite,5.72
belezen,well-read,4.77
belg,Belgian,4.48
bellen,to dial,4.56
belonen,to reward,5.78
bemind,beloved,5.91
bemoeiziek,meddlesome,2.12
benauwd,stuffy,2.45
bende,gang,2.78
benieuwd,curious,5.33
beren,bears,4.08
berg,mountain,4.45
berk,birch,4.34
berm,bank,3.95
beroemd,famous,5.2
beroerd,miserable,2.42
berouw,repentance,3.52
berustend,resigned,4.4
berusting,resignation,4.17
bes,berry,4.58
beschaafd,civilized,5.42
beschaamd,ashamed,2.56
beschadigd,damaged,2.42
bescheiden,modest,5.05
beschermen,to protect,5.55
bescherming,protection,5.59
beschuit,rusk,4.44
beslissend,decisive,4.78
besluiteloos,undecided,2.59
besmet,infected,2.11
besmeurd,smeared,2.66
bestendig,stable,5
bestrijden,to fight,3.89
betamelijk,seemly,4.42
beter,better,5.42
beton,concrete,3.77
betrouwbaar,reliable,6.22
beu,fed up,2.73
beugel,bracket,3.2
beuk,beech,3.81
beuken,to beech,3.19
beul,executioner,2.03
beurs,scholarship,4.41
beurt,turn,4.2
bevel,command,2.94
beven,to tremble,2.81
bevooroordeeld,prejudiced,2.45
bevreesd,afraid,2.59
bevriend,friendly with,5.8
bevrijd,liberated,5.83
beweeglijk,mobile,5.06
bewonderenswaardig,admirable,5.98
bewondering,admiration,5.73
bezem,broom,3.7
bezig,busy,4.56
bezitter,possessor,3.94
bezorgd,concerned,3.66
bezorgdheid,concern,3.97
bezwaar,objection,2.98
bidden,to pray,4.05
biecht,confession,3.38
bieden,to offer,4.55
bier,beer,4.53
biet,beet,4.05
big,piglet,4.33
bijbel,Bible,3.77
bijl,ax,3.02
bijster,very,3.59
bijten,to bite,3
bijtend,corrosive,2.55
bikkelhard,fierce,3.53
bil,buttock,4.31
biljart,billiards,4.61
billijk,fair,4.85
binden,to bind,4.02
bips,buttocks,4.48
bitter,bitter,2.8
bivakmuts,forage cap,2.81
bizar,bizarre,3.59
blaam,blame,2.77
blaar,blister,2.56
blaas,bladder,3.61
blad,leaf,4.23
bladzijde,page,4.22
blaffen,to bark,3.27
blank,blank,4.25
blaten,to bleat,3.63
blauw,blue,4.45
blazen,to blow,3.89
bleek,pale,3.02
blij,happy,6.25
blijdschap,joy,6.33
blijheid,gladness,6.23
blijk,token,4.33
blijken,to prove,4.23
blijven,to remain,4.72
blijvend,permanent,4.66
blik,glance,4.16
bliksem,lightning,3.34
blind,blind,2.2
blinken,to shine,5.19
bloed,blood,2.83
bloedarm,anemic,2.27
bloedbad,massacre,1.36
bloeden,to bleed,2.56
bloei,bloom,5.41
bloeien,to bloom,5.42
bloem,flower,5.31
bloesem,blossom,5.34
blok,block,3.66
blokken,to cram,3.52
blond,blonde,4.78
bloot,bare,4.5
blos,blush,4.68
blouse,blouse,4.52
blozen,to blush,4.3
blubber,blubber,3.06
bluf,bluff,3.56
blunder,blunder,2.62
blussen,to extinguish,4.3
blut,broke,2.11
boa,boa,3.84
bobbel,lump,3.02
bochel,hump,2.48
bocht,curve,4.02
bod,offer,4.31
bodem,soil,3.64
boeddha,Buddha,4.46
boef,crook,2.47
boeg,prow,4.06
boei,buoy,3.91
boeien,to captivate,4.11
boek,book,4.89
boeket,bouquet,5.27
boel,lot,3.53
boeman,bogeyman,2.4
boer,farmer,3.88
boers,boorish,3.14
boete,penalty,2.3
boeten,to pay,2.48
boezem,bosom,4.95
bof,parotitis,3.6
boffen,to fluke,5.55
bok,goat,3.98
bokaal,bowl,4.36
boksen,to box,3.47
bokser,boxer,3.67
bol,sphere,4.03
bolleboos,clever clogs,4.86
bom,bomb,2.08
bon,voucher,3.88
bond,union,4.11
bonk,hunk,3.35
bonken,to bang,3.19
bons,brush-off,3.03
bont,fur,3.09
boodschap,message,4.48
boog,arc,4.14
boom,tree,4.78
boon,bean,4.19
boor,drill,3.66
boord,board,4.03
boos,angry,2.38
boosaardig,malicious,1.98
boosheid,anger,2.31
boot,boat,4.7
bord,plate,4.08
bordeel,brothel,2.72
boren,to drill,3.55
borg,guarantee,3.53
borrel,drink,4.53
borst,breast,4.61
borstel,brush,4.09
bos,forest,4.78
bot,bone,2.98
boter,butter,4.09
botsen,to clash,2.69
bouillon,broth,4.5
bout,bolt,3.81
bouw,construction,4.34
bouwen,to build,4.78
bouwvallig,dilapidated,2.7
box,box,4.09
boycot,boycott,2.55
braaf,well-behaved,4.94
braden,to roast,4.38
braken,to vomit,2.16
brancard,stretcher,2.89
branche,branch,4.09
brand,fire,2.48
branden,to burn,2.98
bravo,bravo,5.56
breed,wide,4.05
breekbaar,fragile,2.89
breien,to knit,4.16
brein,brain,4.91
breken,to break,2.84
brengen,to bring,4.33
bres,breach,3.96
breuk,fracture,2.72
brief,letter,4.52
bries,breeze,4.47
brij,mush,3.23
bril,glasses,3.95
briljant,brilliant,6.25
brits,British,4.39
broche,brooch,4.4
broeden,to brood,4.61
broeder,brother,5.02
broederschap,brotherhood,5.58
broek,pants,4.36
broer,brother,5.31
brok,chunk,3.34
bron,source,4.7
brons,bronze,4.44
brood,bread,4.75
broos,brittle,3.09
brug,bridge,4.39
bruid,bride,5.72
bruidegom,groom,5.62
bruidspaar,bridal couple,5.88
bruidsschat,dowry,4.62
bruiloft,wedding,5.94
bruin,brown,4.27
bruinen,to tan,5.09
brullen,to roar,2.77
brutaal,cheeky,2.52
bruto,gross,4.08
bruusk,abruptly,2.89
bruut,brute,2.33
budget,budget,4.23
buffel,buffalo,4.05
buffer,buffer,4.48
bui,storm,3.2
buidel,pouch,4.38
buigen,to bend,3.56
buigzaam,flexible,4.41
buik,belly,4.05
buikgriep,gastroenteritis,1.94
buikpijn,stomach ache,2.22
buis,tube,3.58
buit,booty,4.52
buiten,outside,4.83
buizen,to flunk,3.2
bukken,to stoop,3.8
buldozer,buldozer,3.28
bult,bump,3.09
bunker,bunker,3.02
burcht,castle,4.33
burger,citizen,4.55
burgerlijk,civil,3.62
bus,bus,4.03
buskruit,gunpowder,2.91
buste,bust,4.56
butler,butler,4.27
buur,neighbor,4.6
buurt,neighborhood,4.33
cacao,cocoa,5.08
cadeau,gift,5.84
café,cafe,5.1
cake,cake,5.31
canon,canon,4.26
capaciteit,capacity,4.91
cape,cape,4.19
carnaval,carnival,4.94
cartoon,cartoon,5.19
cash,cash,4.8
cel,cell,2.33
cello,cello,4.67
cement,cement,3.86
cent,cent,4.27
chagrijnig,cantankerous,2.33
chaos,chaos,2.62
charmant,charming,6.02
charme,charm,5.64
chef,chief,4.31
cheque,check,4.94
chic,chic,5.3
chili,chili,4.5
chip,chip,4.23
chloor,chlorine,3.45
chocolade,chocolate,5.56
chroom,chrome,4.05
cider,cider,4.43
cijfer,figure,4.33
circus,circus,4.69
cirkel,circle,4.27
citroen,lemon,4.3
claim,claim,3.25
clan,clan,3.45
clean,clean,5.14
clown,clown,4.62
club,club,4.84
cluster,cluster,4.22
coach,coach,4.8
cobra,cobra,3.39
cocktail,cocktail,5.48
cocon,cocoon,4.25
code,code,4.17
coke,coke,2.48
cola,coke,4.8
colbert,jacket,4.19
coma,coma,1.75
comfort,comfort,5.64
compenseren,to compensate,4.48
competent,competent,5.7
competitief,competitive,4.45
condoom,condom,4.39
confetti,confetti,5.22
conflict,conflict,2.35
conformistisch,conformist,3.4
conservatief,conservative,2.92
consistent,consistent,5.23
constructief,constructive,5.34
consul,consul,4.12
contact,contact,4.95
controle,control,4.27
controleerbaar,controllable,4.84
controlerend,controlling,3.39
conventioneel,conventional,4.13
corrigeren,to correct,4.19
corrupt,corrupt,1.89
creatief,creative,5.8
crimineel,criminal,1.95
crisis,crisis,2.2
cru,crude,2.68
cruise,cruise,5.36
cycloon,cyclone,2.54
cynisch,cynical,2.84
daad,deed,4.25
daadkrachtig,decisive,5.43
daas,horsefly,3
dadel,date,4.1
dag,day,4.61
dagdroom,daydream,5.28
daglicht,daylight,5.45
dak,roof,4.33
dal,valley,3.52
dalen,to descend,3.59
dam,dam,4.25
dame,lady,5.08
dammen,to play checkers,4.33
damp,vapor,3.69
dank,thanks,5.56
dankbaar,grateful,5.78
danken,to thank,5.36
dans,dance,5.41
dansen,to dance,5.56
danser,dancer,5.2
dansvloer,dancefloor,5.31
dapper,brave,5.83
darm,intestine,3.56
darts,darts,4.42
das,tie,4.31
dauw,dew,4.45
deal,deal,4.58
dealen,to deal,2.31
dealer,dealer,2.48
deeg,dough,4.52
deel,part,4.2
defect,defect,2.5
deftig,distinguished,4.86
degelijk,solid,5.02
degen,sword,3.57
dek,deck,4.17
deken,blanket,4.67
dekken,to cover,4.09
delen,to share,5.16
delicaat,delicate,4.16
den,pine,4.37
denken,to think,4.84
depressie,depression,1.56
depressief,depressed,1.5
detail,detail,4.52
deugdzaam,virtuous,5.42
deugen,to be good,4.95
deuk,dent,2.97
deuken,to dent,2.94
deur,door,4.12
dia,slide,4.34
diamant,diamond,5.59
dicht,close,3.7
dichten,to close,4.73
dictator,dictator,1.73
dictatoriaal,dictatorial,1.89
dief,thief,2.16
diefstal,theft,1.89
dienaar,servant,3.34
dienen,to serve,3.56
diep,deep,3.89
diepgang,profundity,5.17
dier,animal,4.73
dierbaar,dear,5.86
diesel,diesel,3.89
dij,thigh,4.17
dijk,dike,4.48
dik,thick,2.61
ding,thing,4.14
diploma,diploma,5.88
direct,direct,4.45
disco,disco,5.16
discreet,discrete,4.76
distel,thistle,3.37
dochter,daughter,5.17
doden,to kill,1.42
doek,cloth,4.16
doel,goal,5.09
doelloos,aimless,2.44
doelpunt,goal,5.41
doeltreffend,effective,5.56
doelwit,target,3.12
doen,to do,4.72
dof,dull,3.02
dogma,dogma,3.4
dok,dock,4.02
dokken,to dock,3.06
dokter,doctor,4.47
dol,crazy,4.7
dolblij,overjoyed,6.39
dolfijn,dolphin,5.34
dolgraag,love,6.06
dolk,dagger,2.81
dollar,dollar,4.62
dollen,to horse around,5.2
dom,stupid,2.22
dominant,dominant,3.06
dominerend,dominating,2.83
domoor,idiot,2.5
donder,thunder,3.11
donker,dark,3.34
dons,down,5.12
dood,death,1.38
doodgaan,to die,1.39
doodmoe,exhausted,2.16
doods,dead,1.72
doodsangst,agony,1.5
doodsbang,terrified,1.53
doodshoofd,skull,2.09
doodskist,coffin,1.78
doodsstrijd,death agony,1.55
doodstil,silent,3.11
doodstraf,death penalty,1.53
doodziek,ill,1.33
doof,deaf,2.36
doofpot,cover-up,2.5
dooi,thaw,4.09
doolhof,maze,3.86
doop,baptism,4.44
doorbraak,breakthrough,5.53
doorn,thorn,2.77
doortastend,thorough,4.92
doorzetten,to continue,5.61
doorzettend,persevering,5.62
doos,box,4.02
dop,shell,3.98
dope,dope,3.14
dopen,to baptize,4.22
doping,doping,2.33
dor,arid,2.67
dorp,village,4.33
dorst,thirst,3.2
douche,shower,5.2
douchen,to shower,5.12
doven,to extinguish,3.61
down,down,2.25
dozijn,dozen,4.16
draad,wire,4.03
draaglijk,tolerable,4.42
draai,turn,4.05
draaien,to rotate,4.12
draak,dragon,3.56
draf,trot,4.28
dragen,to wear,4.2
drang,urge,3.42
drank,drink,4.2
dreef,lane,4.24
dreigen,to threaten,2.22
drek,dung,2.65
drempel,threshold,3.53
dreun,blow,2.77
dreunen,to boom,2.94
driftig,irascible,2.64
drijfzand,quicksand,2.59
drijven,to float,4.3
drinken,to drink,4.78
droef,sad,2.38
droefheid,sadness,2.16
droevig,sad,2.25
drogen,to dry,4.36
dromen,to dream,5.64
dronkaard,drunkard,2.33
droog,dry,4.16
droom,dream,5.61
drop,licorice,4.34
drugs,drugs,2.3
druif,grape,4.83
druk,pressure,3.23
drukken,to print,3.73
druppen,to drip,3.57
dubbel,double,4.25
dubieus,doubtful,2.85
duf,musty,2.85
duiden,to interpret,4.14
duif,pigeon,4.38
duik,dive,4.52
duiken,to dive,4.59
duiker,diver,4.27
duim,thumb,4.38
duimen,to cross thumbs,5.02
duin,dune,4.64
duister,dark,2.84
duit,farthing,4.52
duivel,devil,1.83
duizend,thousand,4.61
dulden,to tolerate,4.22
dun,thin,4.02
dunk,opinion,3.86
duo,duo,4.69
dupe,dupe,2.52
duren,to last,3.7
durf,courage,5.16
durven,to dare,5.27
duur,expensive,3.03
duurzaam,durable,5.56
duw,push,2.88
duwen,to push,3.27
dwaalspoor,wrong track,2.73
dwaas,fool,2.72
dwalen,to wander,3.11
dwang,coercion,2.12
dwangbuis,straitjacket,1.95
dwangsom,penalty,2.24
dwars,transverse,2.95
dweil,floorcloth,3.41
dweilen,to mop,3.44
dwerg,dwarf,3.5
dwingen,to force,2.41
dwingend,compulsory,2.36
dynamisch,dynamic,5.55
eb,ebb,4.25
echo,echo,4.41
echt,really,5.33
echtpaar,married couple,5.41
edel,noble,4.94
eed,oath,4.59
eelt,callus,3.06
eend,duck,4.41
eenheid,unit,5.08
eenvoudig,simple,4.84
eenzaam,lonely,2.05
eenzaamheid,loneliness,1.8
eer,honor,5.48
eerbied,respect,5.55
eerbiedig,respectful,5.41
eerlijk,honest,6.16
eerlijkheid,honesty,6.31
eeuw,century,4.3
effen,plain,4.31
efficiënt,efficient,5.7
egel,hedgehog,4.48
ego,ego,3.41
egoïstisch,selfish,1.94
ei,egg,4.44
eicel,egg-cell,4.42
eigen,own,4.67
eigengereid,headstrong,3.77
eigenwijs,cocky,3.81
eigenzinnig,willful,4.28
eik,oak,4.48
eikel,acorn,2.67
eind,end,3.31
einde,end,2.94
eis,requirement,3.03
eisen,to require,2.86
ekster,magpie,3.97
eland,moose,4.48
electriciteit,electricity,4.48
elf,elf,4.86
embleem,emblem,4.35
emir,emir,3.83
emmer,bucket,4.05
emotie,emotion,5.16
emotioneel,emotional,4.05
energie,energy,5.66
energiek,energetic,5.8
energieloos,inert,2.42
eng,scary,2.41
engel,angel,5.7
enggeestig,narrow-minded,2.34
enig,any,4.84
enkel,only,4.03
enorm,enormous,4.83
enthousiasme,enthusiasm,6.12
enthousiast,enthusiastic,6.17
epos,epic,4.77
eren,to honor,5.17
erf,property,4.25
erg,very,2.86
ergernis,annoyance,2.39
erker,oriel,4.07
ernst,seriousness,3.47
ernstig,serious,3.05
erts,ore,4.07
ervaren,to experience,5.25
erven,to inherit,4.66
erwt,pea,4.03
essay,essay,3.89
eten,to eat,5.45
ets,etching,4.27
etsen,to etch,4.16
etter,pus,2.14
etui,case,4.16
euro,euro,4.84
euvel,shortcoming,2.94
even,equally,4.28
evenwichtig,well-balanced,5.55
ex,ex,2.47
examens,exams,3.09
excentriek,eccentric,4.42
excuus,excuse,3.52
executie,execution,1.47
explosief,explosive,2.8
extatisch,ecstatic,5.73
extravagant,outrageous,4.39
extravert,extroverted,5.08
extreem,extreme,3.44
ezel,donkey,3.89
faam,fame,5.05
fabel,fable,4.27
fabriek,factory,3.45
failliet,bankrupt,1.84
fair,fair,5.53
fakkel,torch,4.42
falen,to fail,2.03
familie,family,5.88
fan,fan,5.16
fanfare,brass band,4.67
fascinatie,fascination,5.52
fase,phase,4.2
fataal,fatal,1.61
fatsoen,decency,5.2
fatsoenlijk,decent,5.27
fauna,fauna,5.19
fauteuil,armchair,4.74
fazant,pheasant,4.44
fee,fairy,5.23
feeks,shrew,2.22
feest,feast,6.17
feestdag,holiday,5.91
feesten,to celebrate,5.97
feestmaal,banquet,5.95
feilloos,faultless,5.31
feit,fact,4.64
fel,fierce,3.75
ferm,firm,4.81
fiche,filling card,4.12
fier,proud,5.53
fiets,bicycle,4.66
fietsen,to cycle,4.88
figuur,figure,4.5
fijn,fine,5.78
fik,fire,2.66
fiks,hefty,3.56
file,file,2.48
film,film,5.41
filmen,to film,4.72
filter,filter,4.14
fit,fit,5.55
fjord,fjord,4.61
flank,flank,4.05
flap,flap,3.89
flard,shred,3.49
flat,flat,4.03
flauw,faint,2.95
fles,bottle,4.3
flets,pale,3.14
flink,robust,5.27
flirt,flirt,5.25
flirten,to flirt,5.59
flits,flash,3.72
flitsen,to flash,3.44
flora,flora,5.2
fluit,flute,4.41
fluiten,to whistle,4.97
fluweel,velvet,5.14
fobie,phobia,2.23
fokken,to breed,3.75
fonds,fund,4.69
fontein,fountain,5.12
fooi,tip,5.06
forel,trout,4.17
fornuis,stove,4.11
fors,sturdy,4.03
fort,fort,4.03
fortuin,fortune,5.56
foto,photo,4.8
fout,wrong,2.56
foutloos,faultless,5.64
fraai,beautiful,5.41
fragiel,fragile,3.06
framboos,raspberry,4.95
franje,fringe,4.44
frats,whims,4.05
fraude,fraud,2.06
frêle,frail,3.93
fries,frieze,4.19
friet,French fries,5.12
fris,fresh,5.22
frisbee,frisbee,4.8
frivool,frivolous,5
frons,frown,3.08
fronsen,to frown,3
front,front,3.68
fruit,fruit,5.22
frustratie,frustration,2.17
fuif,party,5.44
fuiven,to party,5.38
furie,fury,2.66
furieus,furious,2.23
fut,pep,4.06
futloos,washed-out,2.25
gaaf,whole,5.38
gaai,jay,4.07
gaan,to go,4.27
gaar,done,4.33
gaas,gauze,3.69
gal,bile,2.75
gala,gala,5.34
galabal,gala,5.33
galant,gallant,5.69
galg,gallows,1.75
galop,gallop,4.62
game,game,4.89
gamma,gamma,4.17
gammel,rickety,2.83
gang,corridor,3.89
gangster,gangster,2.31
gans,goose,4.25
gapen,to yawn,3.41
garnaal,shrimp,4.23
gas,gas,3.44
gasmasker,gas mask,2.5
gast,guest,4.89
gastvrij,hospitable,5.86
gat,hole,3.2
gauw,soon,4.27
gazon,lawn,4.66
geanimeerd,animated,5.38
gebak,cake,5.33
gebeente,skeleton,3.37
geboorte,birth,5.83
gebouw,building,4.19
gebrek,lack,2.58
gebrekkig,deficient,2.47
gebroken,broken,2.42
gedienstig,obliging,3.98
gedisciplineerd,disciplined,5.3
geduldig,patient,5.52
gedwee,meekly,3.4
geel,yellow,4.36
geelzucht,jaundice,2.03
geërgerd,annoyed,2.22
geest,spirit,3.81
geestdriftig,enthusiastic,4.45
geeuw,yawn,3.47
geeuwen,to yawn,3.46
gefascineerd,fascinated,5.53
gefrustreerd,frustrated,2.19
gehandicapt,handicapped,2.38
geheim,secret,3.84
geheugen,memory,5.02
gehoorzaam,obedient,4.77
gehoorzamen,to obey,4.53
gehumeurd,tempered,3.31
geil,horny,4.86
geïrriteerd,irritated,2.33
geiser,geyser,4.27
geit,goat,4.16
gejuich,cheer,5.75
gek,crazy,3.27
gekweld,anguished,2.14
gekwetst,hurt,2.08
gelaten,resigned,3.63
geld,money,5.34
gelei,jelly,4.14
geliefd,beloved,6.28
geloof,faith,4.28
geluk,happiness,6.39
gelukkig,happy,6.61
gelukkigheid,happiness,6.48
gember,ginger,4.14
gemeen,common,2.09
gemiddeld,average,3.98
gen,gene,4.3
genadeloos,merciless,2.27
genadig,gracious,5.02
gène,embarrassment,2.9
genie,genius,5.88
geniep,sly,2.83
genot,enjoyment,6.12
genre,genre,4.36
geraamte,skeleton,2.94
geregeld,regular,4.88
geremd,inhibited,3
gering,small,3.27
gerst,barley,4.15
geschenk,gift,5.84
geschikt,suitable,5.55
geschil,dispute,2.83
gesel,scourge,2.66
gesloten,closed,3.03
gesofisticeerd,sophisticated,5.34
gesp,buckle,4.02
gespannen,tense,2.72
gespierd,muscular,5.59
getalenteerd,talented,6.2
getto,ghetto,2.53
geul,gully,3.59
geur,odor,4.42
gevaar,danger,2.12
gevaarlijk,dangerous,2.31
gevangen,captive,2.03
gevangenis,prison,2.08
gevat,sharply,5.03
gevecht,battle,2.27
gevel,facade,4.22
geven,to give,5.28
gevoelig,sensitive,4.66
gewapend,armed,2.36
geweer,rifle,2.47
gewelddadig,violent,1.92
geweten,conscience,4.62
gewichtheffer,weightlifter,4.16
gewichtig,weighty,4.1
gewillig,willing,4.36
gewoon,just,4.14
gezag,authority,3.94
gezellig,cozy,6.08
gezicht,face,4.77
gezond,healthy,6.28
gezondheid,health,5.69
gezwel,tumor,1.8
gids,guide,4.55
gidsen,to guide,4.66
gier,vulture,3.14
gieren,to screech,4.02
gierig,stingy,2.27
gieten,to pour,3.97
gif,poison,2.09
gift,gift,5.27
gijzelaar,hostage,1.75
gil,scream,2.8
gillen,to scream,2.77
gin,gin,4.13
gips,gypsum,3.08
giraf,giraffe,4.75
gissen,to guess,3.48
gist,yeast,3.97
gisten,to ferment,3.89
gitaar,guitar,5.22
glad,smooth,4.03
glans,shine,5.31
glanzen,to shine,5.22
glas,glass,4.17
gletsjer,glacier,4.39
gleuf,slot,3.81
glijden,to slide,4.3
glimlach,smile,6.06
glimp,glimpse,4.65
glippen,to slip,3.47
globaal,overall,4.41
gloed,glow,4.77
gloednieuw,brand new,5.67
gloeien,to glow,4.22
glunderen,to beam,5.79
gluren,to peep,2.95
goal,goal,5.39
god,god,4.03
godsdienst,religion,3.84
godsdienstig,religious,3.69
goed,well,5.84
goedaardig,benign,5.78
goedgehumeurd,merry,6.03
goedgelovig,credulous,3.39
goedkoop,cheap,4.95
goedmaken,to make up,5.61
goeroe,guru,3.75
gok,gamble,3.58
gokken,to gamble,3.11
golf,wave,4.42
golven,to wave,4.69
gondel,gondola,4.73
gong,gong,4.16
gonzen,to buzz,3.55
gooi,throw,4.02
gooien,to throw,3.92
goor,filthy,2.06
goot,gutter,3.17
gordel,belt,4.47
gordijn,curtain,4.19
goud,gold,5.64
goudstuk,gold coin,5.5
graad,degree,4.2
graaf,count,4.08
graag,gladly,5.58
graal,Grail,4.45
graan,grain,4.36
graat,fish bone,3.22
gracht,canal,3.86
graf,grave,2.12
gram,gram,3.94
granaat,grenade,2.11
grap,joke,5.58
grappen,to joke,5.62
grappig,funny,6.06
gras,grass,4.84
gratis,free,5.89
grauw,gray,2.69
graven,to dig,3.53
grazen,to graze,4.31
greep,grip,3.56
grendel,bolt,3.56
grens,border,3.89
greppel,ditch,3.4
griep,flu,2.2
griet,brill/chick,3.83
griezel,horror,2.17
grijns,grin,4.05
grijnzen,to grin,3.95
grijpen,to grab,3.59
grijs,gray,3.39
gril,whim,3.92
grillen,to grill,4.17
grimas,grimace,3.21
grind,gravel,3.79
groef,groove,3.58
groei,growth,5.03
groeien,to grow,5.31
groen,green,4.83
groep,group,4.67
groet,greeting,5.14
groeten,to greet,5.09
grof,coarse,2.48
grom,growl,2.92
grommen,to growl,2.72
grond,ground,4.06
grondig,thorough,4.92
groot,large,4.78
gros,gross,3.95
grot,cave,4.08
grotesk,grotesque,3.83
gruis,grit,3.2
gruwel,horror,1.94
gul,generous,5.66
gulp,fly,3.79
gulzig,greedy,2.84
gunst,favor,5.16
guur,inclement,2.69
gym,gym,4.52
haag,hedge,4.22
haai,shark,3.23
haak,hook,3.31
haan,cock,4.09
haar,hair,4.53
haard,fire,4.94
haardvuur,hearth-fire,5.38
haas,hare,4.35
haast,almost,3.14
haasten,to hurry,3.08
haat,hatred,1.52
haatdragend,hateful,1.69
hagedis,lizard,3.98
hagel,hail,3.28
hak,heel,4.05
hakken,to chop,3.88
hal,hall,4.02
halen,to fetch,4.27
half,half,3.7
halfslachtig,halfhearted,2.72
hals,neck,4.38
halt,stop,3.44
ham,ham,4.36
hamer,hammer,3.84
hamster,hamster,4.53
hand,hand,4.36
handel,trade,4.2
handig,handy,5.47
hang,hanging,3.66
hangen,to hang,3.61
hangerig,listless,3
hap,bite,4.34
happen,to clap,3.81
hard,hard,3.64
hardhandig,hard-handed,2.52
hardnekkig,persistent,2.83
hardvochtig,harsh,3
hardwerkend,hardworking,5.44
harem,harem,3.36
haring,herring,3.94
hark,rake,3.86
harken,to rake,3.77
harnas,armor,3.77
harp,harp,4.84
hars,resin,3.59
hart,heart,5.23
harteloos,heartless,1.91
hartstocht,passion,6.03
hartstochtelijk,passionate,6.12
hasj,hash,3.09
hatelijk,hateful,1.92
haten,to hate,1.61
haven,port,4.44
haver,oats,4.11
havik,hawk,4.23
Hawaii,Hawaii,5.86
hazelnoot,hazelnut,4.62
hebben,to have,4.5
hebzucht,greed,2.2
hebzuchtig,greedy,2.14
hecht,tight,5.36
heden,today,4.69
heel,very,4.88
heer,lord,4.77
heerlijk,delicious,6.38
heersen,to rule,3.67
heerszuchtig,imperious,2.28
hees,hoarse,3.27
heester,shrub,4.08
heet,hot,4.39
heethoofdig,hotheaded,2.47
heffen,to lift,3.88
heft,handle,4.14
heftig,violent,3.77
heg,hedge,4.06
heibel,row,2.75
heide,heathland,4.58
heidens,heathen,3.08
heil,salvation,4.32
heilzaam,beneficial,5.24
heimwee,nostalgia,2.67
hek,fence,3.88
hekel,dislike,2.27
heks,witch,2.62
hel,hell,1.58
held,hero,5.88
helder,clear,5.42
heldhaftig,heroic,5.73
helen,to heal,5.23
helm,helmet,4.33
helpen,to help,5.64
hemd,shirt,4.16
hemel,heaven,5.61
hen,hen,4.03
hengel,fishing rod,4.12
hengst,stallion,4.56
herfst,autumn,4.38
hersens,brain,4.95
herstellen,to restore,5.19
hert,deer,4.73
hertog,duke,4.36
heten,to name,4.19
heteroseksueel,heterosexual,4.69
heup,hip,4.06
heuvel,hill,4.36
hevig,violent,4.02
hiel,heel,4.03
high,high,3.58
hijgen,to pant,3.12
hijsen,to hoist,3.81
hik,hiccup,3.41
hinder,nuisance,2.75
hinderen,to hinder,2.67
hindoe,Hindu,4.05
hint,hint,4.95
hit,hit,4.87
Hitler,Hitler,1.28
hoed,hat,4.33
hoef,hoof,4.03
hoek,angle,3.97
hoepel,hoop,4.5
hoer,whore,2.11
hoes,cover,4.19
hoest,cough,2.77
hoesten,to cough,2.86
hof,court,4.52
hok,hutch,3.64
hol,hollow,3.42
hollen,to run,3.9
holster,holster,3.46
hommel,bumblebee,3.59
homoseksueel,homosexual,4.03
homp,chunk,3.43
hond,dog,4.73
honderd,hundred,4.64
honger,hunger,2.73
honing,honey,4.97
hoofd,head,4.3
hoofddoek,headscarf,3.64
hoofdpijn,headache,2.25
hoofdsteun,headrest,4.66
hoog,high,4.34
hoogmoed,pride,2.9
hoogmoedig,proud,3.14
hooi,hay,4.22
hoop,hope,5.84
hoopvol,hopeful,5.84
hoorn,horn,3.83
hop,hop,4.15
hopeloos,hopeless,2.09
hopeloosheid,hopelessness,1.89
hopen,to hope,5.3
horde,horde,3.67
horen,to hear,4.59
hotel,hotel,4.8
houden,to keep,4.69
hout,wood,4.36
hufter,jerk,1.91
huid,skin,4.39
huilen,to cry,2.38
huis,home,4.94
hulp,help,5.25
hulpbehoevend,needy,3.08
hulpeloos,helpless,2.19
hulst,holly,4.13
humeur,mood,3.91
humeurig,moody,2.48
humor,humor,6.11
hup,hup,4.56
huren,to rent,3.86
hurken,to crouch,3.88
hut,hut,4.31
huur,rent,3.59
huwelijk,marriage,5.73
huwen,to marry,5.53
hyperactief,hyperactive,3.33
hypochondrisch,hypochondriac,2.22
icoon,icon,4.88
idealistisch,idealistic,5.05
idee,idea,5.31
idool,idol,5.19
iets,something,4.16
ijdel,vain,3.55
ijl,rarefied,3.19
ijs,ice,5
ijsje,ice cream,5.58
ijskast,refrigerator,4.42
ijver,diligence,5.08
ijverig,diligent,5.53
ijzer,iron,4.08
ijzersterk,cast-iron,5.7
illegaal,illegal,2.28
imam,imam,3.8
impulsief,impulsive,4.03
inbraak,burglary,1.94
incest,incest,1.2
incompetent,incompetent,2.17
inconsistent,inconsistent,2.59
individualistisch,individualistic,3.86
inefficient,inefficient,2.47
inert,inert,3.58
infectie,infection,2
inferieur,inferior,2.67
informeel,informal,4.8
infuus,infusion,2.64
ingehouden,restrained,3.12
ingetogen,modest,4.05
ingewanden,intestines,2.89
inhoud,content,4.47
inkt,ink,4.3
innen,to collect,4.11
innig,intimate,5.55
inschikkelijk,accommodating,4.42
insekt,insect,3.25
inspanning,effort,4.62
intellectueel,intellectual,5.91
intelligent,intelligent,6.22
intelligentie,intelligence,5.97
intens,intense,5.39
intensief,intensive,4.78
interessant,interesting,5.73
interesse,interest,5.67
intiem,intimate,5.83
introvert,introverted,3.59
invalide,disabled,2.25
invloed,influence,4.36
invloedrijk,influential,4.95
irrationeel,irrational,2.7
irritatie,irritation,2.3
irriterend,irritant,2.27
item,item,4.19
ivoor,ivory,4.02
jaar,year,4.22
jacht,hunting,3.61
jagen,to hunt,3.27
jaloers,jealous,2.16
jaloezie,jealousy,2.08
jammer,pity,2.67
janken,to whine,2.25
japon,dress,4.48
jargon,jargon,4
jas,coat,4.38
jasmijn,jasmine,4.95
jazz,jazz,5.09
jeep,jeep,4.23
jeugd,youth,5.25
jeuk,itch,2.8
jicht,gout,2.26
joggen,to jog,4.72
joint,joint,3.33
joker,joker,4.47
jong,young,5.3
jongen,boy,4.67
Jood,Jew,3.83
judo,judo,4.2
juf,teacher,4.62
juichen,to cheer,5.86
juist,just,5.59
juk,yoke,3.22
jungle,jungle,4.73
junk,junk,2.05
jurk,gown,5.02
jus,gravy,4.58
juweel,jewel,5.56
kaak,jaw,3.98
kaal,bald,3.03
kaap,cape,3.83
kaars,candle,4.88
kaart,map,4.36
kaarten,to play cards,4.48
kaas,cheese,4.84
kaatsen,to reflect,4.05
kabaal,racket,2.64
kabel,cable,4.02
kachel,stove,4.62
kade,quay,4.34
kader,framework,4.08
kaf,chaff,3.88
kaft,cover,4.03
kajak,kayak,4.61
kajuit,cabin,4.31
kaki,khaki,4.05
kakkerlak,cockroach,2.23
kalf,calf,4.22
kalk,lime,3.72
kalkoen,turkey,4.25
kalm,calm,5.22
kalmte,calm,5.45
kam,comb,4.2
kameel,camel,4.39
kamer,room,4.33
kammen,to comb,4.17
kamp,camp,4.48
kampioen,champion,5.92
kan,can,4.31
kanaal,channel,4.06
kaneel,cinnamon,4.55
kanker,cancer,1.16
kano,canoe,4.61
kanon,cannon,2.83
kans,chance,5.33
kant,side,4.19
kantoor,office,3.94
kap,hood,3.81
kapel,chapel,4.13
kapen,to hijack,2.67
kapitein,captain,4.58
kapot,broken,2.48
kappen,to cut,3.27
kapper,hairdresser,4.44
kar,cart,3.97
karaf,carafe,4.45
karig,scanty,3.16
karkas,carcass,2.48
karma,karma,4.53
karper,carp,4.06
kartel,cartel,3.32
karton,cardboard,3.95
karwei,job,3.39
kas,cash,4.06
kast,closet,4.16
kasteel,castle,5.05
kat,cat,4.72
kater,hangover,2.8
katoen,cotton,4.34
kauwen,chew,3.97
keel,throat,4.02
keelpijn,sore throat,2.27
keer,time,4.05
kegel,cone,4
kei,boulder,4.36
keizer,emperor,4.19
kelder,basement,3.41
kelk,chalice,4.11
kelner,waiter,4.29
kennel,kennel,3.68
kennen,to know,4.69
kennis,knowledge,5.23
kerel,guy,4.42
kerk,church,3.7
kerker,dungeon,2.34
kerkhof,cemetery,2.28
kermis,fair,5.02
kern,core,4.41
kernbom,nuclear bomb,1.52
kerosine,kerosene,3.4
kerrie,curry,4.44
kers,cherry,4.78
kerst,Christmas,5.67
kerstmis,Christmas,5.84
kervel,chervil,4.02
ketel,boiler,3.98
keten,chain,3.67
ketter,heretic,2.63
keu,cue,4.13
keuken,kitchen,4.59
keuren,to approve,3.59
keurig,neat,5.09
keus,choice,4.87
kever,beetle,3.72
kick,kick,4.89
kiel,keel,3.79
kiem,germ,4.39
kiemen,to germ,4.5
kier,crack,3.87
kies,molar,4.09
kieskeurig,picky,3.48
kiezen,to choose,4.25
kijken,to look,4.56
kikker,frog,4.05
kil,chilly,2.39
kilo,kilo,3.84
kin,chin,4.06
kind,child,5.05
kinderachtig,childish,2.75
kink,hitch,3.28
kiosk,kiosk,4.36
kip,chicken,4.39
kist,chest,3.28
kitsch,Kitsch,3.27
kiwi,kiwi,4.8
klaar,ready,5.16
klacht,complaint,2.67
klagen,to complain,2.62
klam,clammy,3.08
klank,sound,4.5
klant,customer,4.55
klap,blow,2.86
klappen,to hit,3.69
klas,class,4.33
klasse,class,5.28
klauw,claw,3.08
klauwen,to claw,2.92
klaver,clover,4.77
kleden,to dress,4.56
kleding,clothing,4.69
kleed,carpet/robe,4.55
klef,soggy,3.16
klei,clay,4.2
klein,small,3.7
klem,clip,2.97
klemmen,to clasp,3.17
klep,valve,3.59
klerk,clerk,3.62
kletsen,to chat,4.66
kletsnat,wet,3
kleur,color,4.89
kleuren,to color,5.22
kleurloos,colorless,2.75
kleurrijk,colorful,5.64
kleuter,toddler,4.56
kleven,to stick,3.33
kliek,clique,3.64
klier,gland,3
klif,cliff,3.58
klik,click,4.55
klikken,to click,3.66
klim,climb,4.2
klimaat,climate,4.55
klimmen,to climb,4.45
klink,doorhandle,4.06
klinken,to sound,4.55
klip,cliff,3.87
kloek,stout,4.3
klok,clock,4.12
klomp,lump,3.88
kloof,gap,3.11
klooster,monastery,3.84
kloot,testicle,2.7
klootzak,asshole,1.73
klop,knock,3.3
kloppen,to beat,3.86
kloten,to bugger about,2.62
kloven,to split,2.92
klucht,farce,3.52
kluis,safe,4.44
kluit,clod,3.72
klus,job,3.77
klussen,to do odd jobs,4.16
kluts,confused,3.48
klutsen,to beat up,3.81
kluwen,clew,3.15
knaap,boy,4.31
knagen,to gnaw,3.34
knal,bang,3.05
knallen,to pop,3.81
knap,handsome,5.97
knecht,servant,3.22
kneden,to knead,4.25
kneep,nip,3.42
knellen,to pinch,2.59
knie,knee,4.12
knielen,to kneel,3.5
knijpen,to pinch,3.19
knik,nod,4.22
knikken,to nod,4.47
knip,cut,3.77
knipoog,wink,5.33
knippen,to cut,3.95
knobbel,knob,2.69
knoeien,to mess,2.91
knokkel,knuckle,3.58
knol,tuber,3.72
knoop,node,3.78
knop,button,4.03
knopen,to tie,3.95
knorrig,grumpy,2.55
knots,club,3.38
knuffel,hug,6
knul,guy,4.25
knuppel,bat,2.94
knus,cozy,5.81
koe,cow,4.31
koek,cookie,4.97
koekoek,cuckoo,4.41
koel,cool,3.94
koelen,to cool,4.27
koepel,dome,4.3
koer,courtyard,4.15
koers,rate,4.23
koersen,to race,4.22
koets,coach,4.58
koffer,case,4.38
koffie,coffee,4.5
kogel,bullet,2.55
kok,cook,4.62
koken,to cook,4.86
koker,tube,3.94
kolf,flask,3.82
kolom,column,4.02
kolos,colossus,3.6
kom,bowl,4.13
komen,to come,4.62
komisch,comic,5.86
komma,comma,4.11
kompas,compass,4.59
konijn,rabbit,4.7
koning,king,4.78
kont,ass,4.03
kooi,cage,2.94
kook,boiling,4.59
kool,cabbage,4
koop,buy,4.6
koor,choir,4.48
koord,cord,4.03
koorts,fever,2.3
kop,head,3.78
kopen,to buy,4.75
koper,copper,4.34
kopie,copy,4.14
kopij,copy,4.07
koploper,leader,5.02
koppel,couple,5.25
koppen,to head,4.12
koppig,stubborn,3.06
koran,Koran,3.58
kordaat,firm,4.46
koren,corn,4.22
korf,basket,3.95
korrel,grain,4
korst,crust,3.58
kort,short,3.73
korting,discount,5.55
kost,costs,3.7
kostbaar,costly,5.31
kosten,to cost,3.05
koster,sexton,3.81
kostuum,costume,4.64
kots,vomit,1.84
kotsen,to vomit,1.97
koud,cold,2.92
kous,stocking,3.91
kozijn,cousin/window frame,4.24
kraag,collar,3.98
kraai,crow,3.56
kraaien,to crow,3.5
kraak,break-in,3.28
kraal,bead,4.33
kraam,stall,4.27
kraan,crane,4.11
krab,crab,4.06
krabben,to scratch,3.38
kracht,force,5.42
krachteloos,weak,2.38
krachtig,forceful,5.41
kraken,to crunch,3.11
kramp,cramp,2.53
kranig,spirited,4.47
krans,wreath,4.33
krant,newspaper,4.53
krap,narrow,2.92
kras,scratch,3.09
krassen,to scrape,2.81
krat,crate,4.06
krater,crater,3.38
kreeft,lobster,4.27
kreek,creek,4.35
kreet,cry,3.33
krekel,cricket,4.02
kreng,bitch,2.06
kreunen,to groan,3.84
kreupel,lame,2.08
krib,crib,4.14
krijgen,to get,4.89
krijsen,to hoist,2.48
krijt,chalk,4.19
krimpen,to shrink,3.16
kring,circle,4.48
kristal,crystal,5.05
kritisch,critical,4.25
kroeg,pub,4.64
krols,in heat,4.24
krom,crooked,3.23
krommen,to curve,3.48
kronen,to crown,4.67
kronkel,twist,3.5
kroon,crown,4.75
kroost,offspring,4.92
krop,crop,3.56
krot,hovel,2.41
kruid,herb,4.52
kruiden,spices,4.83
kruik,jar,4.17
kruimel,crumb,3.77
kruin,crown,4.08
kruipen,to crawl,3.64
kruis,cross,3.67
kruisbeeld,crucifix,3.5
kruisen,to cross,4.03
kruistocht,crusade,2.78
kruit,gunpowder,3.25
kruk,stool,4.06
krul,curl,4.45
krullen,to curl,4.83
kuch,cough,3.23
kuchen,to cough,3.38
kudde,herd,4.09
kuif,quiff,4.11
kuiken,chick,4.81
kuil,pit,3.44
kuip,tub,4.16
kuis,chaste,4.08
kuisen,to clean,3.69
kuit,calf,4.05
kunnen,to can,5.08
kunst,art,5.23
kurk,cork,4.27
kurken,to cork,4.14
kus,kiss,6.19
kussen,to kiss,5.89
kust,coast,5.22
kut,cunt,2.42
kuur,cure,4.08
kwaad,evil,2.28
kwaadheid,anger,2.14
kwaadwillig,malevolent,1.98
kwaal,disease,2.52
kwaken,to quack,4.02
kwal,jellyfish,2.55
kwart,quarter,3.91
kwast,brush,4.05
kweek,breeding,4.12
kweken,to breed,4.39
kwellen,to torment,2.06
kwelling,torment,1.97
kwetsbaar,vulnerable,2.81
kwetsen,to hurt,1.97
kwiek,alert,5.14
kwijl,slaver,2.72
kwijt,lost,2.61
kwik,mercury,3.89
laag,low,3.27
laan,avenue,4.3
laars,boot,4.2
lab,lab,4.17
label,label,3.84
lach,laugh,6.09
lachen,to laugh,6.36
ladder,ladder,4
lade,drawer,4.11
laden,to load,3.92
laf,cowardly,2.28
lafaard,coward,2.09
lafhartig,cowardly,2.18
lak,lacquer,3.95
lakei,lackey,3.97
laken,sheet,4.25
laks,lax,2.71
lam,lamb,3.73
lama,lama,4.17
lamlendig,miserable,2.37
lammetje,lamb,5.41
lamp,lamp,4.36
land,country,4.5
landen,to land,4.45
landsheer,lord,3.95
lang,long,4.16
langzaam,slow,2.92
lans,lance,3.72
lantaarn,lantern,4.34
lap,rag,3.64
larve,larva,3.16
lasso,lasso,4.05
last,last,2.66
lastig,difficult,2.64
lat,slat,3.94
laten,to let,3.83
laurier,laurel,4.51
lauw,lukewarm,3.72
lava,lava,3.41
lawaai,noise,2.72
lawaaierig,noisy,2.62
lawine,avalanche,2.64
leder,leather,4.3
leed,grief,2.11
leeg,empty,2.94
leek,layman,3.33
leem,loam,3.97
leer,leather,4.27
leerkracht,teacher,4.53
leeuw,lion,4.69
lef,courage,5.17
legaal,legal,5.02
leger,army,3.33
leggen,to lay,4.16
lei,slate,4.07
leiden,to lead,4.8
leider,leader,4.59
lek,leak,2.92
lekken,to leak,3.2
lekker,nice,6.08
lelie,lily,5.23
lelijk,ugly,2.2
lemmet,blade,3.4
lende,loin,4.17
lenen,to borrow,3.58
lenig,limber,5.23
lens,lens,4.27
lente,spring,5.77
lepel,spoon,4.22
lepra,leprosy,1.62
leren,to learn,4.59
les,lesson,4.19
lesbisch,lesbian,4.2
letsel,injury,2.28
letter,letter,4.25
leugenaar,liar,1.78
leuk,nice,5.94
leunen,to lean,4.12
leus,slogan,4.26
leven,to live,5.86
levend,alive,5.78
levendig,lively,5.94
levenloos,lifeless,1.75
levensloos,lifeless,1.69
levenslustig,canty,6.12
lever,liver,3.64
lezen,to read,4.81
libel,dragonfly,4.46
lichaam,body,4.66
licht,light,4.98
lichtgeraakt,touchy,2.61
lid,member,4.27
lied,song,5.2
lief,dear,6.25
liefde,love,6.53
liefdeloos,unloving,1.91
liegen,to lie,2.06
lier,winch,4.15
lies,groin,3.95
lift,lift,4.23
liften,to lift,4.05
liggen,to lie,4.72
lijden,to suffer,1.77
lijdend,suffering,1.91
lijf,body,4.2
lijfwacht,bodyguard,4.03
lijk,corpse,1.73
lijkbleek,pale,2.16
lijm,glue,3.95
lijmen,to glue,4.11
lijn,line,3.98
lijst,list,4.05
lijster,thrush,4.37
lik,lick,4.42
likeur,liqueur,4.64
likken,to lick,4.48
lila,lilac,4.56
limiet,limit,3.39
limoen,lime,4.42
linde,lime,4.33
link,link,3.75
links,left,4.14
linnen,linen,4.5
lint,ribbon,4.12
lip,lip,4.56
lippenstift,lipstick,4.56
list,ruse,2.69
listig,cunning,2.92
liter,liter,4.19
loeien,to moo,3.8
loep,loupe,4.21
loeren,to lurk,3.3
lof,praise,5.61
log,log,3.02
logisch,logical,5.19
lok,lock,4.09
lokken,to lure,3.34
lol,lol,5.95
lomp,rag,2.67
lompen,tatters,2.96
lonen,to pay,5.25
long,lung,4.14
lont,wick,3.62
lood,lead,3.67
loods,pilot,3.75
loodsen,to pilot,3.89
look,garlic,4.18
loom,languid,3.11
loon,wage,5.23
loop,course,4.16
lopen,to walk,4.36
los,loose,4.22
loslaten,to release,3.69
lossen,to unload,3.84
lot,fate,4.33
loten,to auction,4.2
louche,shady,2.69
lounge,lounge,5.09
louter,merely,3.77
loyaal,loyal,5.92
lucht,air,4.75
luchten,to air,4.17
lui,lazy,2.59
luid,loud,3.39
luiden,to sound,4.17
luidruchtig,noisy,2.91
luik,hatch,3.95
luipaard,leopard,4.59
luis,louse,2.36
luit,lute,4.21
luizen,to delouse,2.22
lukken,to succeed,5.19
lul,dick,2.48
lullen,to talk bullshit,3.12
lunch,lunch,4.97
lunchen,to lunch,5.02
lus,loop,3.98
lust,lust,5.12
lusteloos,listless,2.38
lusten,to like,4.97
luxe,luxury,5.47
lynx,lynx,4.46
lyrisch,lyrical,5.03
maag,stomach,3.92
maagd,virgin,4.48
maagpijn,stomach ache,2.06
maagzweer,ulcer,2
maal,meal,4.35
maan,moon,4.81
maand,month,4.14
maandag,Monday,3.64
maarschalk,marshal,4.03
maat,size,4.58
machine,machine,3.94
macho,macho,3.05
macht,power,3.97
machteloos,powerless,2.23
machtig,powerful,4.52
madam,madam,4.11
made,maggot,2.73
magazine,magazine,4.66
mager,lean,3.44
magisch,magic,5.62
mail,mail,4.55
majoor,major,4.22
mak,tame,3.6
maken,to make,4.67
makker,pal,5.41
makreel,mackerel,4.02
mal,silly,4.05
malen,to grind,3.7
mals,tender,5.09
mama,mama,5.88
man,man,4.7
mand,basket,4.12
mango,mango,4.94
manier,way,4.34
manipulatie,manipulation,2.48
manipulatief,manipulative,2.38
manipuleerbaar,manipulable,2.53
mank,lame,2.58
mannelijk,male,4.91
mantel,mantle,4.38
map,folder,4.12
marge,margin,4
marginaal,marginal,2.78
margriet,marguerite,4.84
markt,market,4.67
marmer,marble,4.53
marmot,marmot,3.95
mars,march,4.27
marteling,torture,1.53
marter,marten,3.91
masker,mask,3.41
massa,mass,3.78
massief,massive,4.25
mast,mast,4.12
mat,mat,3.75
match,match,4.75
materialistisch,materialistic,2.95
matig,moderate,3.5
matras,mattress,4.64
matrix,matrix,4.09
matroos,sailor,4.41
mauve,mauve,4.29
mazen,meshes,3.56
mazzel,luck,5.55
medaille,medal,5.5
medeleven,compassion,5.36
medelijden,pity,3.45
medicijn,drug,4.33
meedogenloos,merciless,2.41
meegaand,compliant,4.45
meel,flour,4.23
meer,lake/more,4.48
meerderwaardig,superior,4.62
mees,tit,4.39
meester,master,4.41
meet,starting line,4.13
meeuw,seagull,4.09
meid,girl/maid,4.55
meisje,girl,5.12
melancholie,melancholia,3.1
melden,to report,3.94
melk,milk,4.62
melken,to milk,4.31
melodie,melody,5.39
meloen,melon,4.81
menen,to mean,4.61
mengen,to mix,4.22
mens,man,4.75
menu,menu,4.66
mep,whack,2.59
meppen,to whack,2.58
merel,blackbird,4.48
merg,marrow,3.49
merk,brand,4.31
merken,to brand,4.23
merrie,mare,4.56
mes,knife,3.16
mest,manure,3.03
metaal,metal,3.92
meten,to measure,4.16
meter,meter,4.25
metro,metro,4.17
meubel,piece of furniture,4.28
meute,mob,3.38
microscoop,microscope,4.22
middel,means,4.17
middelmatig,average,3.47
midden,middle,4.22
mier,ant,3.7
miezerig,measly,2.59
mijden,to avoid,2.81
mijl,mile,4.03
mijn,mine,3.59
mijter,miter,4.14
mikken,to aim,4.14
mild,mild,4.69
milieu,environment,4.64
miljard,billion,5.34
miljoen,million,5.28
milt,spleen,3.97
mime,mime,4.38
min,minus,3.05
minachtend,contemptuous,2.17
minachting,contempt,2.25
minderwaardig,inferior,2.09
minderwaardigheid,inferiority,2.08
mini,mini,4
miniem,tiny,3.42
minnaar,lover,4.19
minuut,minute,4.03
minzaam,affable,3.36
mis,wrong,3.12
misbruik,abuse,1.59
misdaad,crime,2.08
misdadiger,criminal,1.94
misdrijf,crime,1.91
miskraam,miscarriage,1.5
misleidend,misleading,2.33
mislukkeling,failure,1.97
mislukking,failure,1.88
mismaakt,deformed,1.84
miss,Miss,4.43
misselijk,sick,2.2
missen,to miss,2.81
mist,fog,3.41
misvormd,deformed,2.06
mobiel,mobile,4.86
modaal,modal,3.84
modder,mud,3.14
mode,fashion,4.91
model,model,4.92
modem,modem,4.22
modern,modern,5.23
modieus,fashionable,5.25
moe,tired,2.77
moed,courage,5.7
moedeloos,despondent,2.27
moeder,mother,5.73
moederlijk,maternal,5.16
moedig,courageous,5.8
moeilijk,difficult,2.8
moeizaam,laborious,2.62
moer,nut,3.67
moeras,swamp,3.2
moes,puree,3.83
moeten,to should,3.06
mogelijkheid,possibility,5.34
mogen,to may,4.91
mok,mug,4
moker,sledgehammer,3.35
mokka,mocha,4.42
mokken,to sulk,2.67
mol,mole,3.69
molen,mill,4.23
moment,moment,4.31
monarch,monarch,3.88
mond,mouth,4.44
mongool,Mongol,2.44
monnik,monk,4.08
monster,monster,2.31
monter,cheerful,5.11
mooi,nice,6.12
moord,murder,1.38
moorden,to murder,1.33
mop,joke,5.28
mopperig,grumpy,2.69
moralistisch,moralistic,4.62
moreel,moral,4.92
morgen,tomorrow,4.53
mormel,mutt,2.53
mos,moss,4.06
mossel,mussel,4
mot,moth,2.98
motel,motel,3.89
motief,motive,3.88
motor,engine,4.3
mout,malt,3.93
mouw,sleeve,4.16
muf,stale,2.73
mug,mosquito,2.55
muil,mouth,2.84
muis,mouse,3.8
mummie,mummy,3.42
munt,coin,4.48
murw,mellow,2.82
mus,sparrow,4.43
must,must,4.12
muts,cap,4.16
muur,wall,3.91
muze,muse,5.25
muziek,music,5.75
mystiek,mysticism,4.89
naad,seam,3.75
naaien,to sew,3.89
naaimachine,sewing machine,4.06
naakt,nude,4.62
naald,needle,3.42
naam,name,4.44
naarstig,diligent,3.95
naaste,neighbor,5.19
nacht,night,4.47
nadeel,disadvantage,2.62
nadenkend,thoughtful,5
nagel,nail,3.83
naief,naive,2.69
nalatig,negligent,2.42
namaak,counterfeit,2.98
nat,wet,3.69
natuur,nature,5.36
nauw,narrow,3.12
nauwgezet,painstaking,4.48
nauwkeurig,accurate,5.2
navel,navel,4.25
navolgend,subsequent,3.75
nectar,nectar,4.95
nederig,humble,3.55
neef,nephew,4.78
neerslachtig,dejected,2.28
neger,Negro,3.44
negeren,to ignore,2.45
neigen,to incline,3.81
nek,neck,4.12
nemen,to take,4
nerveus,nervous,2.75
nervositeit,nervousness,2.72
nest,nest,4.78
net,net,4.33
netto,net,4.5
neuken,to fuck,4.31
neurotisch,neurotic,2.2
neus,nose,4.06
nevel,mist,4.02
nicht,niece,4.53
nier,kidney,3.91
niet,not,2.92
nietig,insignificant,2.52
nieuw,new,5.42
nieuws,news,4.67
nieuwsgierig,curious,5.28
niezen,to sneeze,3.48
nijd,envy,2.41
nijver,industrious,4.72
nikkel,nickel,3.89
nimf,nymph,4.79
nipt,narrow,3.82
nis,niche,3.77
niveau,level,4.42
nobel,noble,5.58
noemen,to call,4.06
noest,diligent,4.36
nok,ridge,3.86
non,nun,3.73
nonchalant,nonchalant,3.69
nonconformistisch,nonconformist,4.42
nonsens,nonsense,2.84
nood,distress,2.55
noord,north,4.19
noot,nut/note,4.34
nor,jail,2.46
norm,norm,4.05
normaal,normal,4.48
nors,surly,2.53
nota,note,3.58
notie,notion,4.17
nuchter,sober,5.05
nul,zero,2.95
nummer,number,4.14
nut,utility,4.94
nuttig,useful,5.44
ober,waiter,4.41
objectief,objective,5.08
obsceen,obscene,2.55
ochtend,morning,4.44
ode,ode,5.16
oester,oyster,3.88
oeuvre,oeuvre,4.83
oever,bank,4.45
offer,sacrifice,3.41
ogen,eyes,4.95
oker,ocher,4.27
oksel,armpit,3.44
olie,oil,3.77
olifant,elephant,4.64
olijf,olive,4.25
oma,grandmother,5.3
omhelzen,to embrace,5.94
omhelzing,embrace,6.05
onaandachtzaam,unattentive,2.69
onaangenaam,unpleasant,2.14
onaangepast,inappropriate,2.7
onaantrekkelijk,unattractive,2.3
onafhankelijk,independent,5.58
onavontuurlijk,not adventurous,2.66
onbeholpen,helpless,2.86
onbekwaam,incompetent,2.44
onbeleefd,rude,2.38
onbeschaamd,impudent,3.34
onbetrouwbaar,unreliable,1.88
onbevreesd,fearless,5
onbuigzaam,inflexible,3.12
onconventioneel,unconventional,4.05
ondankbaar,ungrateful,2.06
onderbreken,to interrupt,3.03
onderdaan,subject,2.67
onderdanig,submissive,2.66
onderdrukken,to suppress,2.39
ondergaan,to undergo,3.08
ondergeschikt,subordinate,2.53
onderhoudend,entertaining,4.86
ondernemend,enterprising,5.66
onderwerpen,to subject,2.84
onderworpen,subordinate,2.58
ondeskundig,incompetent,2.34
onduidelijk,unclear,2.75
onecht,spurious,2.59
oneerlijk,unfair,2.14
onemotioneel,unemotional,2.53
onervaren,inexperienced,3.19
onethisch,unethical,2.25
onevenwichtig,unbalanced,2.62
ongebruikelijk,unusual,3.52
ongeduld,impatience,2.66
ongeduldig,impatient,2.56
ongehoorzaam,disobedient,2.62
ongeluk,accident,1.94
ongelukkig,unhappy,1.72
ongenadig,merciless,2.36
ongerust,worried,2.59
ongesofisticeerd,unsophisticated,2.76
ongeval,accident,2.02
ongezond,unhealthy,2.25
ongodsdienstig,irreligious,3.89
onhandelbaar,unmanageable,2.23
onhandig,clumsy,2.86
onheil,calamity,2.17
onhoffelijk,discourteous,2.56
onintelligent,unintelligent,2.44
oninteressant,uninteresting,2.48
onkruid,weed,2.78
onmacht,impotence,2.19
onnauwkeurig,inaccurate,2.64
onnozel,silly,3.11
onoplettend,inattentive,2.77
onoprecht,insincere,2.09
onpraktisch,impractical,2.72
onproductief,unproductive,2.38
onrecht,injustice,2.17
onredelijk,unreasonable,2.42
onromantisch,unromantic,2.45
onrust,unrest,2.59
onrustig,restless,2.69
onschuld,innocence,5.09
onschuldig,innocent,4.95
onstuimig,turbulent,3.41
onsympatiek,unsympathetic,2.14
ontevreden,dissatisfied,2.31
ontevredenheid,dissatisfaction,2.48
ontgoocheld,disillusioned,2.5
ontgoocheling,disillusionment,2.51
ontlopen,to avoid,2.78
ontmoedigd,discouraged,2.44
ontploffing,explosion,2.09
ontroering,emotion,5.02
ontrouw,infidelity,1.8
ontslag,dismissal,2.2
ontsnappen,to escape,4.16
ontspannen,relaxed,6.06
ontvluchten,to flee,2.84
ontwijken,to dodge,3
ontwikkeld,developed,5.39
ontzag,awe,4.17
onvast,unsteady,2.89
onveilig,unsafe,2.14
onverdraagzaam,intolerant,2.08
onverschillig,indifferent,2.69
onverschilligheid,indifference,2.52
onverstoorbaar,imperturbable,4.72
onvoldoende,insufficient,2.25
onvolwassen,immature,2.69
onvoorspelbaar,unpredictable,3.53
onvriendelijk,unfriendly,2.16
onwankelbaar,unshakable,4.85
onweer,storm,3.17
onwrikbaar,unwavering,4.14
onzeker,uncertain,2.61
onzekerheid,uncertainty,2.5
oog,eye,4.48
oogst,harvest,4.81
oogsten,to harvest,4.92
oom,uncle,4.69
oor,ear,4.25
oord,place,4.6
oorlog,war,1.5
oorworm,earwig,2.44
oost,east,4.19
opa,grandfather,5.17
opaal,opal,4.48
open,open,5.09
opgelucht,relieved,5.58
opgeschrikt,startled,3.02
opgetogen,elated,5.67
opgetogenheid,elation,5.77
opgeven,to give,2.36
opgewekt,cheerful,6.08
opgewektheid,cheerfulness,6.02
opluchting,relief,5.67
opmerkelijk,remarkable,4.97
oppervlakkig,superficial,2.69
opportunistisch,opportunist,4.38
oprecht,sincere,6.11
oproer,revolt,2.72
opstand,revolt,2.98
opstandig,rebellious,3.02
optie,option,4.64
optimistisch,optimistic,5.91
opvallend,striking,4.81
opvliegend,irascible,2.47
opwekkend,stimulant,5.64
orde,order,5.02
ordelijk,orderly,5.19
order,order,3.67
ordinair,common,2.36
orgaan,organ,3.98
orgasme,orgasm,6.23
orgel,organ,4.23
orgie,orgy,3.28
origineel,original,5.64
orka,orca,4.67
orkaan,hurricane,2.45
orkest,orchestra,4.84
os,ox,4.06
otter,otter,4.23
oud,old,3.36
ouderwets,old-fashioned,2.94
oven,oven,4.53
over,past/over,3.89
overeenstemming,agreement,5.28
overgave,surrender,3.95
overgevoelig,hypersensitive,2.88
overheersend,predominant,3.08
overtreding,transgression,2.53
overtuigd,convinced,5.23
paal,pole,3.94
paar,pair,4.83
paard,horse,4.62
paars,violet,4.39
pacht,lease,3.58
pachten,to lease,3.68
pact,pact,4.29
pad,path,4.14
paf,baffled,3.62
pak,suit,4.38
pakken,to catch,4.06
pal,directly,3.95
paleis,palace,5.11
palet,palette,4.3
paling,eel,3.7
palm,palm,4.41
palmboom,palm,5.44
pamflet,pamphlet,4
pan,saucepan,4.2
pand,pawn,4.19
panda,panda,4.89
paneel,panel,4.02
paniek,panic,2.03
panisch,panic,1.95
panne,breakdown,2.63
panter,panther,4.52
pantser,armor,3.8
pap,porridge,4.31
papa,papa,5.59
papier,paper,4.22
parade,parade,5
parel,pearl,5.36
paren,to pair,4.98
parfum,perfume,5.33
park,park,5.06
part,part,4.02
pas,step,3.95
passen,to suit,4.23
passie,passion,6.09
passief,passive,2.78
pasta,pasta,5.09
pastel,pastel,4.52
pastoor,pastor,3.55
patat,potato/fries,4.78
patent,patent,4.45
pater,father,3.59
patroon,pattern,4.23
paus,pope,3.53
pauw,peacock,4.73
pauze,pause,4.94
pech,bad luck,2.64
pedaal,pedal,4.14
peddel,paddle,4.13
pedofiel,pedophile,1.14
peer,pear,4.42
pees,tendon,3.73
peil,level,3.98
peilen,to gauge,4.14
peinzen,to ponder,3.73
pek,pitch,3.3
pekel,brine,3.57
pels,fur,3.93
pen,pen,4.31
pendel,shuttle,3.95
penis,penis,4.25
pens,paunch,2.81
penseel,paintbrush,4.56
pensioen,pension,4.52
peper,pepper,4.55
perfect,perfect,6.17
perfectionistisch,perfectionist,4.28
perk,bed,4.37
perron,platform,4.06
pers,press,4
persen,to squeeze,3.42
persoon,person,4.55
pervers,perverse,1.97
perversie,perversion,2.05
perzik,peach,4.73
pessimistisch,pessimistic,2.14
pest,plague,1.7
pesten,to bully,1.67
pet,cap,4.27
peter,godfather,4.48
peuk,stub,2.8
peuter,toddler,4.58
pezig,sinewy,3.39
piano,piano,5.14
piek,peak,4.67
piemel,willy,4.11
pienter,brainy,5.61
piepen,to squeak,3.72
pier,pier,4.11
pij,frock,3.67
pijl,arrow,3.61
pijler,pillar,4.1
pijn,pain,1.89
pijnlijk,painful,2.17
pijnloos,painless,5.17
pijp,pipe,3.86
pik,cock,3.02
pikant,piquant,4.61
pil,pill,3.66
pilaar,pillar,4.2
piloot,pilot,4.67
pils,lager beer,4.57
pin,pin,3.83
pinda,peanut,4.44
pink,pink,4.25
pint,pint,4.62
pion,pawn,3.89
piraat,pirate,3.36
pis,piss,2.38
pissebed,millepede,2.54
pissen,to piss,2.7
pistool,pistol,2.28
pit,pit,4.67
pittig,snappy,4.98
pizza,pizza,5.34
plaag,plague,2.47
plaat,plate,4.39
plaats,place,4.23
plafond,ceiling,3.97
plagen,to tease,3.75
plak,slice,3.61
plakken,to paste,3.86
plan,plan,4.8
planeet,planet,4.64
plank,shelf,4.03
plannen,to plan,4.69
plant,plant,4.64
planten,to plant,4.83
plas,puddle,3.45
plassen,to pee,3.8
plastic,plastic,3.8
plat,flat,3.48
plechtig,solemn,4.55
plee,loo,3.14
plegen,to commit,3.14
plein,square,4.39
pleister,plaster,3.86
pleit,lawsuit,4.06
pleiten,to plead,4.09
plek,place,4.12
plezier,fun,6.22
plicht,duty,3.73
plichtsgetrouw,dutifull,5.33
ploeg,team,4.47
ploegen,to plow,4.06
ploert,cad,2.64
plof,flop,3.78
ploffen,to plop,3.66
plomp,clumsy,3.05
plons,splash,4.53
plonzen,to splash,4.83
plooi,fold,3.64
plooien,to fold,3.8
plot,plot,4.11
plots,sudden,3.8
pluche,plush,4.77
pluim,plume,5.03
pluimen,to pluck,4.28
pluis,lint,3.91
pluk,tuft,3.89
plukken,to pick,4.28
plunje,togs,4.11
plus,plus,4.86
pocherig,boastful,2.62
poedel,poodle,3.92
poeder,powder,3.94
poef,pouf,4.31
poel,pool,3.95
poema,cougar,4.34
poen,moolah,4.94
poes,cat,4.88
poets,polish,3.84
poetsen,to polish,3.69
pogen,to attempt,4.3
poker,poker,4.5
pokken,smallpox,2.53
polder,polder,4.27
politie,police,3.69
polo,polo,4.25
pols,wrist,4.16
polsen,to sound out,4.02
pomp,pump,4.09
pompen,to pump,3.91
pond,pound,4.25
pooier,pimp,2.11
pool,pole,4.14
poort,gate,4.22
poos,while,3.89
poot,leg,3.92
pop,doll,4.22
populair,popular,5.56
por,poke,3.43
porno,porn,3.59
porren,to jab,3.5
port,port,4.14
pose,pose,4.16
positief,positive,6.23
post,post,4.56
posten,to post,4.19
poster,poster,4.52
pot,pot,3.97
potent,potent,5.06
potentie,potential,5.48
potig,burly,3.57
pover,poor,2.78
praal,splendor,4.98
praat,talking,4.33
pracht,splendor,5.64
prachtig,wonderful,6.33
prairie,prairie,4.47
praktisch,practical,5.25
prat,proud,4.24
praten,to talk,5
preek,sermon,2.92
prei,leek,4.28
preken,to preach,2.94
prent,print,4.25
prenten,to imprint,4.33
pret,fun,6
pretentieus,pretentious,2.85
prettig,nice,6.09
preuts,prudish,2.92
priem,prime,3.57
priester,priest,3.52
prijs,price,4.5
prik,prick,3.02
prikkelbaar,irritable,2.52
prikkelend,irritant,4.73
prikken,to prick,2.95
pril,early,4.41
prins,prince,5.05
pro,pro,5.44
probleem,problem,2.58
productief,productive,5.64
proef,test,3.97
proeven,to taste,4.95
prof,prof,4.64
progressief,progressive,5.2
prompt,prompt,4.13
pronken,to show off,4.62
pront,lively,4.56
prooi,prey,3.06
proost,cheers,5.33
prop,wad,3.41
proper,tidy,5.22
proppen,to shove,3.25
protest,protest,3.14
pruik,wig,3.58
pruim,plum,4.11
psalm,psalm,3.98
psyche,psyche,4.46
pub,pub,4.76
puber,adolescent,3.52
puin,debris,2.61
puinhoop,ruins,2.38
puist,pimple,2.2
pukkel,pimple,2.34
pulp,pulp,3.75
punch,punch,4.34
punk,punk,3.66
punt,point,4.05
pup,puppy,5.47
purper,purple,4.22
put,well,3.36
puur,pure,5.25
puzzel,puzzle,4.69
python,python,3.2
raad,council,4.8
raadsel,riddle,4.45
raaf,raven,3.78
raak,telling,4.58
raam,window,4.33
raap,turnip,3.98
raar,strange,3.23
rabbi,rabbi,3.9
rabbijn,rabbi,3.87
race,race,4.5
racen,to race,4.45
rad,wheel,4.12
radar,radar,4.05
raden,to guess,4.2
radicaal,radical,2.59
radijs,radish,4.28
radio,radio,4.78
rage,craze,4.06
rail,rail,3.95
raken,to hit,4.08
raket,rocket,4
ram,ram,3.92
rammel,rattle,3.06
rammen,to ram,2.69
ramp,disaster,1.61
ranch,ranch,4.4
rand,edge,3.69
rang,rank,3.83
rank,rank,4.02
rantsoen,ration,3.73
rap,quick,4.33
rapen,to pick up,3.95
rapport,report,4.12
ras,race,3.75
rasp,grater,3.84
raspen,to grate,3.8
raster,screen,3.88
rat,rat,2.8
ratel,rattle,3.69
ratelslang,rattlesnake,2.84
rationeel,rational,5.17
rauw,raw,3.3
ravijn,ravine,2.94
rayon,rayon,3.98
razen,to rage,2.83
razend,furious,2.06
razernij,rage,2.06
realistisch,realistic,5.33
rebel,rebel,3.25
rebels,rebellious,3.84
recessie,recession,2.56
recht,right,4.84
rechtop,upright,4.56
rechts,right,4.12
rechtschapen,righteous,5.36
rechtvaardig,just,5.91
reddeloos,irretrievable,2.2
redden,to save,5.55
redder,rescuer,5.7
redding,rescue,5.7
rede,speech,4.67
redelijk,reasonable,4.78
reden,reason,4.47
ree,roe,4.67
reeks,series,4.12
reep,strip,4.48
reet,ass,2.88
regel,rule,3.94
regen,rain,3.45
regenboog,rainbow,5.77
reiger,heron,4.27
reiken,to reach,4.34
rein,clean,4.97
reis,travel,5.86
reizen,to travel,5.7
rek,rack,4.02
rekken,to stretch,3.86
rel,riot,2.48
reling,rail,3.88
rem,brake,3.89
remmen,to brake,3.59
ren,run,4.05
rennen,to run,4.09
rente,interest,4.27
reptiel,reptile,3.84
resoluut,resolute,4.51
respect,respect,6.11
rest,rest,3.73
reu,he-dog,4.1
reuk,smell,4.48
reuma,rheumatism,2.03
reus,giant,3.94
reuze,great,5.11
revolver,revolver,2.48
rib,rib,4.09
richel,ledge,3.63
richten,to aim at,4.11
ridder,knight,4.88
riek,fork,3.71
riem,belt,4.11
riet,reed,4.22
rigide,rigid,3.11
rij,row,3.62
rijden,to ride,4.52
rijk,rich,5.58
rijkdom,wealth,5.69
rijm,rhyme,4.69
rijmen,to rhyme,4.72
rijp,ripe,4.94
rijpen,to mature,4.75
rijst,rice,4.5
rijzen,to rise,4.38
rillen,to shiver,2.83
rimboe,jungle,4.21
rimpel,wrinkle,3.06
ring,ring,4.91
riool,sewer,2.64
riskant,risky,2.98
rit,ride,4.41
rite,rite,3.93
ritme,rhythm,5.02
rits,zipper,4.05
ritsen,to groove,4.08
rivier,river,4.64
robijn,ruby,5.14
robot,robot,4.06
robuust,robust,4.58
rock,rock,4.72
roddel,gossip,2.61
roebel,ruble,3.8
roede,rod,3.34
roeien,to row,4.31
roekeloos,reckless,2.59
roem,fame,5.19
roep,call,3.7
roepen,to call,3.61
roer,rudder,4.05
roeren,to stir,4.11
roes,fuddle,3.59
roest,rust,2.89
roesten,to rust,2.73
roet,soot,3.02
roffel,ruffle,3.9
rog,ray,4.03
rogge,rye,4.08
rok,skirt,4.69
roken,to smoke,2.84
rol,role,4.12
rollen,to roll,4.38
rolstoel,wheelchair,2.69
roman,novel,5.16
romantiek,romanticism,5.91
romantisch,romantic,5.97
rommel,clutter,2.81
romp,trunk,3.97
rond,round,4.27
rood,red,4.39
roof,robber,2.28
roofdier,predator,3.52
roofmoord,murder with robbery,1.28
rooien,to grub,3.62
rook,smoke,3
rookpluim,plume,3.28
room,cream,4.45
roomijs,ice cream,5.3
roos,rose,5.23
rooster,grid,3.95
ros,reddish,3.95
rot,rot,2.22
rots,rock,4.25
rotten,to rot,1.95
rotzak,bastard,1.88
rotzooi,rubbish,2.33
route,route,4.22
rouw,mourning,1.95
roven,to rob,2.3
rover,robber,2.44
roze,pink,4.59
rozijn,raisin,4.41
rubber,rubber,4.03
rubriek,section,4.2
rug,back,4.11
rugpijn,backache,1.98
ruig,rough,3.67
ruiken,to smell,4.53
ruil,exchange,4.23
ruilen,to exchange,4.33
ruim,wide,5.03
ruimdenkend,broad-minded,5.67
ruimen,to clean up,3.58
ruis,noise,3.02
ruisen,to murmur,3.46
ruit,diamond,4.17
ruk,jerk,3.17
rukken,to jerk,3.25
rum,rum,4.36
rumoer,noise,3.02
rumoerig,noisy,2.94
rund,ox,3.66
rups,caterpillar,4.25
Rusland,Russia,3.86
rust,rest,5.3
rusten,to rest,5.34
rusthuis,rest home,3.55
rustig,quiet,5.3
ruw,rough,2.95
ruzie,quarrel,2.14
ruziemaken,to quarrel,2.22
saai,dull,2.42
sabbat,Sabbath,3.9
sabel,saber,3.39
sadist,sadist,1.7
safe,safe,4.98
saffier,sapphire,4.95
sage,saga,4.65
saldo,balance,4.46
salon,salon,4.61
salsa,salsa,5.2
salvo,salvo,3.71
samenhangend,coherent,5.05
sandaal,sandal,4.2
sap,juice,4.7
sarcastisch,sarcastic,3.28
satan,Satan,1.86
satijn,satin,5.02
satirisch,satiric,3.98
sauna,sauna,5.14
saus,sauce,4.64
sax,sax,4.75
scala,range,4.39
scalp,scalp,2.97
scene,scene,3.89
scepter,scepter,3.87
sceptisch,skeptical,3.34
schaak,chess,4.2
schaal,scale,4.11
schaamhaar,pubic hair,3.27
schaamte,shame,2.47
schaamteloos,shameless,3.02
schaap,sheep,4.42
schaar,scissors,3.81
schaars,scarce,2.97
schaats,skate,4.31
schaatsen,to skate,4.89
schacht,shaft,3.6
schade,damage,2.48
schaden,to damage,2.44
schaduw,shadow,3.89
schakel,link,4.28
schaken,to play chess/to abduct,4.41
schalen,to scale,4
schamel,poor,2.81
schamen,to be ashamed,2.47
schamper,scornful,3.27
schandaal,scandal,2.11
schande,shame,2.27
schap,shelf,4.02
scharnier,hinge,4.09
schat,treasure,5.94
schatrijk,wealthy,5.88
schatten,to estimate,4.67
schattig,sweet,5.92
schaven,to plane,3.44
schavot,scaffold,2.78
schede,sheath/vagina,3.83
schedel,skull,3.5
scheef,crooked,3.21
scheel,squint,2.69
scheet,fart,2.86
scheiden,to separate,1.98
scheiding,separation,1.8
schel,shrill,3.02
schelden,to scold,2.22
schelen,to differ,3.55
schelp,shell,4.55
schema,diagram,4.28
schemer,dusk,4.27
schenken,to donate,5.3
schep,scoop,4
scheppen,to create,4.2
scheren,to shave,3.81
scherf,shard,3.14
scherm,screen,4.22
schermen,to fence,4.2
scherp,sharp,3.75
scherpzinnig,acute,5.2
scherts,banter,3.94
schets,sketch,4.44
schetsen,to sketch,4.56
scheur,tear,3
scheuren,to rip,3.09
scheut,shoot,4.19
schieten,to shoot,2.61
schijf,disk,4.19
schijn,appearance,3.31
schijnen,to shine,4.45
schijt,shit,2.03
schikken,to arrange,3.89
schil,peel,3.81
schild,shield,3.98
schilder,painter,4.58
schillen,to peel,3.75
schim,shadow,3.14
schimmel,mold,2.33
schip,ship,4.5
schipbreuk,shipwreck,2.34
schoen,shoe,4.31
schoft,scoundrel,2.08
schok,shock,2.73
schokken,to shock,2.92
schommel,swing,4.84
school,school,4.56
schoon,clean,5.5
schoonheid,beauty,6.17
schoot,lap,4.41
schop,shovel,3.14
schoppen,to kick,2.92
schor,hoarse,3.17
schors,bark,3.94
schorsen,to suspend,2.68
schort,apron,4.03
schot,shot,2.67
schotel,dish,4.22
schouder,shoulder,4.19
schouw,chimney,4.3
schraal,poor,2.88
schram,scratch,2.92
schrammen,to scratch,2.86
schrap,scratch,3.62
schrapen,to scrape,3.27
schrappen,to cancel,3.17
schreef,wrote,3.68
schreeuw,shout,2.83
schreeuwen,to shout,2.67
schreien,to cry,2.73
schriel,lean,2.94
schrift,writing,4.23
schrijn,shrine,3.25
schrijven,to write,4.67
schrijver,writer,4.7
schrik,terror,2.59
schrikken,to be scared,2.92
schril,stark,3.02
schroef,screw,4
schroeven,to screw,3.86
schrok,guzzler,2.89
schroom,diffidence,3.26
schuchter,coy,3.03
schudden,to shake,3.84
schuif,slide,4
schuilen,to hide,3.44
schuilplaats,shelter,3.89
schuim,foam,4.39
schuin,oblique,3.75
schuit,boat,4.05
schuiven,to push,3.89
schuld,debt,2.45
schuldgevoel,guilt,2.3
schuldig,guilty,2.31
schuren,to sand,3.64
schurft,scabies,1.98
schurk,villain,2.17
schuur,barn,3.95
schuw,shy,2.89
scooter,scooter,3.98
score,score,4.67
script,script,4.3
scrotum,scrotum,3.29
sein,signal,4.09
seinen,to signal,4.17
seizoen,season,4.73
seks,sex,5.83
seksen,to have sex,5.19
sekte,sect,2.06
sentimenteel,sentimental,3.95
sereen,serene,5.13
sergeant,sergeant,3.92
serie,series,4.64
serpent,serpent,2.4
serre,conservatory,4.5
sessie,session,4.03
set,set,4.27
sexy,sexy,6.08
sfeer,atmosphere,5.52
sfinx,sphinx,4.49
shampoo,shampoo,4.77
sheriff,sheriff,4.35
sherry,sherry,4.25
shirt,shirt,4.42
shit,shit,2.38
shock,shock,2.5
shop,shop,4.55
shorts,shorts,4.48
shot,shot,3.6
show,show,5.11
sieraad,ornament,5.36
sierlijk,graceful,5.5
sigaar,cigar,3.5
sigaret,cigarette,2.7
sikkel,sickle,3.62
silo,silo,3.9
simpel,simple,4.34
singel,single,4.09
sint,saint,5.05
sip,glum,2.77
siroop,syrup,4.36
sjaal,scarf,4.53
sjalot,shallot,4.26
sjeik,sheikh,4.06
sjouwen,to carry,3.19
skelet,skeleton,2.84
ski,ski,4.78
sla,lettuce,4.44
slaaf,slave,1.89
slaan,to strike,2.2
slaap,sleep,5.11
slaapzaal,dormitory,3.88
slachten,to slaughter,2.19
slachting,slaughter,1.67
slag,stroke,3.33
slagen,to succeed,5.02
slager,butcher,4.02
slagveld,battlefield,2.23
slak,snail,3.58
slang,snake,3.22
slank,slim,5.23
slap,weak,2.86
slapen,to sleep,5.5
slecht,bad,2.05
slechtgehumeurd,peevish,2.36
slee,sled,4.91
slepen,to drag,3.42
slepend,lingering,3.06
slet,slut,1.89
sleur,routine,2.59
sleuren,to drag,3.03
sleutel,key,4.44
slib,silt,3.38
sliert,trail,3.89
slijk,mud,2.93
slijm,mucus,2.73
slijmen,to lay it on thick,2.58
slijten,to wear,3.11
slikken,to swallow,3.94
slim,smart,5.86
slinger,pendulum,4.58
slip,briefs,4.11
slippen,to slip,2.94
sloeber,wretch,3.61
sloep,sloop,4.3
slof,slipper,3.7
sloffen,to shuffle,3.75
slogan,slogan,4.39
slok,gulp,4.33
sloom,slow,2.81
sloot,ditch,3.56
slop,dead end,3
slopen,to demolish,2.69
slordig,sloppy,2.72
slot,lock,3.78
sluier,veil,4.03
sluik,lank,3.48
sluipen,to creep,3.28
sluis,lock,4
sluiten,to close,3.41
slungel,gawk,2.88
slurf,trunk,4.16
sluw,sly,3.09
smaad,defamation,2.57
smaak,taste,4.92
smak,smack,3.61
smaken,to taste,4.95
smakken,to smack,2.92
smal,narrow,3.89
smaragd,emerald,5.08
smart,smart,3.66
smeden,to forge,3.92
smeerlap,pig,1.88
smeken,to beg,2.73
smelten,to melt,3.73
smeren,to smear,3.95
smerig,dirty,2.19
smet,stain,2.84
smid,smith,4.19
smijten,to fling,3.05
smoel,mug,3.11
smoes,pretext,3.11
smoking,tuxedo,4.92
smokkel,smuggling,2.62
smoren,to smother,3.21
snaar,string,4.42
snack,snack,4.94
snappen,to get,5
snavel,beak,3.94
snede,cut,3.35
snee,cut,2.89
sneeuw,snow,4.91
sneeuwen,to snow,4.97
snel,quick,4.89
snellen,to rush,3.97
snert,trashy,3.55
snijden,to cut,3.11
snik,sob,2.89
snikken,to sob,2.7
snit,cut,4.25
snob,snob,2.5
snobistisch,snobbish,2.33
snoek,pike,3.95
snoep,candy,5.27
snoer,cord,3.81
snoeren,to string,3.34
snoet,snout,4.86
snor,mustache,3.81
snot,snot,2.67
snotneus,brat,2.66
snugger,brainy,4.69
snuit,snout,4.14
snuiten,to blow,3.47
snuiven,to sniff,2.7
snurken,to snore,2.59
sober,sober,3.31
sociaal,social,5.92
soep,soup,4.75
soepel,flexible,5.11
sofa,sofa,4.84
soft,soft,3.39
soja,soya,4.11
sok,sock,3.98
sokkel,base,4.02
soldaat,soldier,3.55
solide,solid,5
sollen,to bandy about,3.22
solo,solo,4.42
som,sum,4.2
somber,gloomy,2.38
somberheid,gloom,2.47
sonde,probe,3.13
soort,kind,4.12
sop,suds,3.91
soppen,to sop,3.92
spaak,spoke,3.53
spaargeld,savings,5.53
spaarzaam,sparing,4.92
spade,spade,3.93
spannen,to stretch,3.73
spannend,exciting,5.05
spar,fir,4.48
sparen,to save,5.08
spatel,spatula,4.02
spatten,to splash,3.42
specht,woodpecker,4.29
speciaal,special,5.53
speech,speech,4.42
speed,speed,2.88
speelgoed,toys,5.2
speen,teat,3.9
speer,spear,3.42
spek,bacon,4.31
spel,game,5.2
speld,pin,3.92
spelden,to pin,3.72
spelen,to play,5.41
spellen,to spell,4.23
sperma,sperm,4.11
sperwer,sparrow-hawk,4.13
speuren,to trace,4.17
spiegel,mirror,4.52
spieren,muscles,4.94
spijker,nail,3.8
spijs,food,4.39
spijt,regret,2.86
spil,spindle,4.05
spin,spider,2.98
spinazie,spinach,4.36
spion,spy,3.12
spiraal,spiral,3.92
spirit,spirit,5.28
spit,spit,3.66
spits,peak,3.8
spitten,to dig,3.61
spleet,split,3.56
splinter,splinter,2.8
splitsen,to split,3.36
spoed,rush,2.94
spoelen,to rinse,3.98
spoken,to haunt,2.98
spons,sponge,4.08
spontaan,spontaneous,5.86
spook,ghost,3.09
spookhuis,haunted house,3.27
spoor,track,4.17
spoorloos,traceless,2.41
sport,sport,5.2
sporten,to exercise,5.25
spot,ridicule,3.19
spraak,speech,4.69
spraakzaam,talkative,5.27
spreeuw,starling,4.25
sprei,spread,4.33
spreiden,to spread,4.19
spreken,to speak,4.8
spreuk,maxim,4.67
springen,to jump,4.48
sprinkhaan,grasshopper,3.88
sprint,sprint,4.58
sprinten,to sprint,4.42
sproet,fleck,4.33
sprong,jump,4.2
sprookje,fairytale,5.66
spruit,sprout,3.67
spugen,to spit,2.41
spuit,spray,3.17
spuiten,to squirt,3.45
spul,stuff,3.63
spurt,spurt,4.44
spuug,saliva,2.61
spuwen,to spit,2.66
squash,squash,4.66
staaf,bar,3.91
staak,stake,3.47
staal,steel,4.05
staan,to stand,4.08
staart,tail,4.11
staat,state,4.02
stabiel,stable,5.45
stad,city,4.56
staf,staff,4.05
stage,internship,4.47
staken,to strike,2.89
stakker,wretch,2.7
stal,stable,3.84
stam,tribe,4.25
stamp,stamp,3.11
stampen,to pound,3.02
stand,position,4.22
standbeeld,statue,4.33
standvastig,steadfast,5.27
stang,rod,3.7
stank,odor,2.17
stap,step,4.19
stapel,pile,4.11
stappen,to step,4.55
star,rigid,3.05
staren,to stare,3.36
start,start,4.7
starten,to start,4.73
station,station,4.12
status,status,4.84
steeds,always,4.08
steeg,alley,3.47
steek,stitch,3.11
steel,stalk,3.67
steen,stone,3.78
steiger,scaffold,4.2
steil,steep,3.69
stek,cutting,4.16
steken,to stab,2.78
stel,set,5.2
stelen,to steal,1.86
stellen,to set,4.14
stelt,states,3.93
stem,voice,4.77
stemmen,to vote,4.33
stempel,stamp,3.95
stengel,stalk,4.11
steppe,steppe,4.47
steppen,to ride a scooter,4.36
ster,star,5.34
stereo,stereo,4.84
sterfbed,death bed,1.59
sterk,strong,5.58
sterken,to strengthen,4.85
sterven,to die,1.59
stervend,dying,1.55
steun,support,5.41
steunen,to support,5.36
stevig,firm,4.84
stichten,to found,4.61
stiekem,sneaky,3.33
stier,bull,3.91
stift,pin,4.22
stijf,stiff,3.27
stijgen,to rise,4.75
stijl,style,5
stikken,to choke,1.83
stil,still,4.12
stilstaand,stationary,3.42
stinkdier,skunk,2.88
stinken,to stink,2.11
stip,dot,4.12
stipt,punctual,4.97
stoeien,to romp,5
stoel,chair,4.25
stoep,doorstep,4.05
stoer,sturdy,4.34
stoet,procession,4.36
stof,dust,3.41
stok,stick,3.83
stoken,to heat,2.92
stollen,to clot,3.75
stolp,glass bell,3.95
stom,stupid,2.44
stomp,blunt,3.02
stoom,steam,4.12
stoot,thrust,3.33
stop,stop,3.36
stoppel,stubble,3.64
stoppen,to stop,3.44
storen,to disturb,2.78
storm,storm,3.36
stormen,to storm,3.2
stort,dump,2.91
stortbui,downpour,2.98
storten,to deposit,3.36
stoten,to bump,3.2
stout,naughty,3.16
stoutmoedig,bold,4.16
straal,radius,4.12
straat,street,4.17
straf,punishment,2.36
straffen,to punish,2.3
strak,tight,4.2
stralen,to radiate,5.83
stralend,radiant,6.19
straling,radiation,3.09
stram,stiff,3.12
stramien,pattern,3.86
strand,beach,5.73
stranden,to strand,4.08
streek,region,3.97
streep,stripe,3.94
strekken,to stretch,4.25
strelen,to stroke,5.62
streling,caress,5.64
streng,severe,2.91
stress,stress,2.36
streven,to aim,4.67
striem,weal,2.71
striemen,streaks,2.53
strijd,struggle,3.12
strijden,to fight,3.53
strijk,ironing,3.67
strijken,to iron,3.42
strijkplank,ironing board,3.7
strik,bow,4.33
strikken,to snare,3.91
strikt,strict,3.41
strip,strip,4.53
strippen,to strip,4.3
stro,straw,4.23
stroef,rough,2.88
strofe,strophe,4.34
stromen,to flow,4.27
stronk,stump,4.11
stront,shit,1.98
strooien,to straw,4.2
strook,strip,4
stroom,flow,4.31
stroop,syrup,4.03
strop,noose,2.29
stropen,to poach,2.66
strot,throat,2.94
structuur,structure,4.77
struik,bush,4.27
struis,sturdy,3.85
student,student,5.25
stug,rigid,3.06
stuit,tail bone,3.68
stuiten,to stop,3.58
stuiver,penny,4.19
stuk,piece,3.22
stumper,wretch,2.79
stunt,stunt,4.5
sturen,to send/steer,4.3
stuur,steering wheel,4.17
subtiel,subtle,4.97
succes,success,6.09
suf,dull,2.75
suiker,sugar,4.66
suite,suite,5.44
suizen,to whizz,3.11
sukkel,sucker,2.31
sukkelig,awkward,2.72
sultan,sultan,4.11
super,super,6.22
superieur,superior,4.38
surfen,to surf,5
sussen,to appease,4.25
swing,swing,5.14
swingend,swinging,5.62
sympathiek,sympathetic,6.02
systeem,system,4.28
taai,tough,3.34
taak,task,3.77
taal,language,4.62
taart,cake,5.28
tabak,tobacco,3.09
tabel,table,3.97
taboe,taboo,2.66
tact,tact,5.11
tactloos,tactless,2.42
tactvol,tactful,5.47
tafel,table,4.2
taille,waist,4.62
tak,branch,4.05
tal,number,4.13
talent,talent,6.09
talentvol,talented,6.12
talk,talc,4.02
tam,tame,4.19
tand,tooth,4
tandarts,dentist,3.41
tandem,tandem,4.67
tandpijn,toothache,2.09
tang,pliers,3.34
tango,tango,5.09
tank,tank,3.31
tanken,to tank,3.77
tante,aunt,4.91
tap,tap,4.42
tapijt,carpet,4.22
tappen,to tap,4.52
tarot,tarot,3.6
tarwe,wheat,4.34
tas,bag,4.36
tast,touch,4.38
tasten,to grope,4.25
taxi,taxi,4.08
team,team,5.23
teckel,Dachshund,3.97
teder,tender,5.81
teef,bitch,2.36
teek,tick,2.47
teen,toe,3.84
teer,tar,3.3
tegel,tile,4.08
tegen,against,3.09
tegendraads,oppositional,3.02
tegenhouden,to stop,3.23
tegenspreken,to contradict,3
teil,bowl,3.77
teint,complexion,4.42
teken,sign,4.23
tekenfilm,cartoon,5.23
tekst,text,4.25
tekstverwerker,word processor,4.31
tel,count,4.08
teleurgesteld,disappointed,2.22
teleurstelling,disappointment,2.06
televisie,television,4.95
telg,scion,4.14
tellen,to count,4.14
temmen,to tame,3.91
tempel,temple,4.67
temperamentvol,sanguineous,4.53
teneur,tenor,3.2
tenger,slender,3.52
tennis,tennis,4.77
tenor,tenor,4.36
tent,tent,4.55
tentoonstelling,exhibition,4.78
tepel,nipple,4.69
tequila,tequila,4.55
term,term,4.05
termiet,termite,2.87
termijn,term,3.78
terras,terrace,5.38
terrein,field,4.05
teruggetrokken,withdrawn,2.84
terughoudend,reticent,3.12
test,test,3.69
testen,to test,4.08
teug,quaff,4.14
teugel,rein,3.94
tevreden,satisfied,5.91
tevredenheid,satisfaction,5.98
textiel,textile,4.31
theatraal,theatrical,3.67
thee,tea,4.88
thema,theme,4.33
thuis,home,5.58
tic,tic,2.98
tieren,to thrive,2.63
tiet,tit,4.02
tij,tide,4.22
tijd,time,4.38
tijger,tiger,4.48
tijm,thyme,4.52
tik,tap,3.27
tikken,to tap,3.73
tillen,to lift,3.75
tilt,tilt,3.31
timbre,timbre,4.77
timide,timid,3.25
tin,tin,3.94
tint,tint,4.41
tinteling,tingle,4.62
tip,tip,4.88
tiran,tyrant,1.7
titel,title,4.73
tobben,to worry,2.84
tocht,trip,4.02
toegeeflijk,indulgent,4.44
toegeven,to admit,4.16
toekomst,future,5.42
toenaderen,to approach,4.8
toer,tour,4.37
toeren,to tour,4.44
toestel,appliance,4.12
toets,key,3.39
toetsen,to test,3.62
toga,gown,4.11
toilet,toilet,3.88
tol,toll,3.38
tolerant,tolerant,5.45
tolk,interpreter,4.41
tolken,to interpret,4.48
tollen,to spin,3.84
tomaat,tomato,4.53
tombe,tomb,3.23
ton,ton,4.3
tonen,to show,4.44
tong,tongue,4.45
tonic,tonic,4.17
tonijn,tuna,4.27
toog,counter,4.33
toom,bridle,3.74
toon,tone,4.11
toorn,wrath,2.81
toorts,torch,3.94
toost,toast,5.2
toosten,to toast,5.3
top,top,5.41
tor,beetle,3.44
toren,tower,4.25
totaal,total,4.44
totem,totem,4.27
tour,tour,4.47
touw,rope,4.02
traag,slow,2.97
traan,tear,2.8
trachten,to attempt,4.53
trainen,to train,4.94
tralie,bar,2.69
tram,tram,4.27
trance,trance,3.8
trant,style,4.08
trap,stairs,3.97
trapezium,trapezium,4.1
trappen,to kick,3.45
trauma,trauma,1.64
trechter,funnel,4.02
tred,pace,4.19
trede,step,4.03
treffen,to encounter/hit,4.28
trein,train,4.25
trek,pull,4.14
trekken,to draw,3.75
trend,trend,4.61
treuren,to mourn,2.25
treurig,sad,2.22
treurigheid,sorrow,2.28
triest,sad,2.2
triestheid,sadness,2.17
triestig,sad,2.2
trio,trio,4.39
triomf,triumph,5.62
triomfantelijk,triumphant,5.53
trip,journey,4.75
trippen,to trip,3.31
troebel,turbid,2.97
troef,trump,5.16
troep,troop,2.72
trofee,trophy,5.45
trog,trough,3.67
trol,troll,2.81
trom,drum,4.11
trompet,trumpet,4.42
tronen,to throne,4.26
troon,throne,4.56
troost,consolation,4.98
troosten,to comfort,5.16
tropen,tropics,4.85
tros,bunch,4.47
trots,pride,5.72
trouw,faith,6
trouwen,to marry,5.8
truc,trick,4.55
truck,truck,3.75
truffel,truffle,4.69
trui,jersey,4.41
trut,bitch,2.14
tsaar,tsar,3.55
tube,tube,4.03
tucht,discipline,3.23
tuig,rig,2.69
tuin,garden,5.05
tuk,keen,4.38
tulp,tulip,4.94
tumor,tumor,1.45
tunnel,tunnel,3.73
turbo,turbo,4.78
turen,to peer,3.83
turf,peat,3.75
turnen,to practise gymnastics,4.69
turven,to tally,3.86
twijfel,doubt,3.05
twijfelachtig,doubtful,2.95
twijg,twig,4.18
twist,twist,3.67
twisten,to dispute,3.23
type,type,4.19
typen,to type,4.2
ui,onion,4.02
uil,owl,4.36
uitbundig,exuberant,5.53
uitdagend,provocative,4.98
uitdaging,challenge,5.5
uiten,to express,4.62
uitgaan,to go out,5.56
uitgedoofd,extinct,2.75
uitgeput,exhausted,2.41
uitgeslapen,rested,5.84
uitschot,scum,2.22
uitwerpsel,excrement,2.45
unie,union,4.61
uniek,unique,5.89
urine,urine,2.83
uur,hour,4.14
uurwerk,clock,4.33
vaag,vague,2.98
vaal,pale,3.15
vaandel,banner,4.39
vaardig,proficient,5.53
vaart,speed,4.31
vaas,vase,4.31
vaat,dishes,3.31
vacht,fur,4.7
vader,father,5.61
vagina,vagina,4.34
vak,section,4.27
vakantie,holidays,6.34
vakkundig,skilled,5.36
val,fall,2.72
valk,falcon,4.41
vallen,to fall,2.89
vals,false,2.23
vampier,vampire,2.81
vangen,to catch,4.28
varen,to sail,4.62
varken,pig,3.56
vast,fixed,4.3
vastberaden,determined,5.48
vastbesloten,determined,5.28
vasten,to fast,3.5
vasthouden,to hold,4.59
vasthoudend,tenacious,4.8
vastklampen,to cling,3.19
vat,barrel,4.28
vatbaar,susceptible,3.45
vatten,to catch,4.2
vechten,to fight,2.61
vechter,fighter,3.91
vechtlustig,pugnacious,4.16
vee,cattle,4.17
veeg,wipe,3.62
veel,many,4.77
veeleisend,demanding,3.28
veelzijdig,versatile,5.58
veer,feather,4.36
vegen,to sweep,3.75
veilig,safe,5.72
vel,sheet,3.97
veld,field,4.19
vellen,to pronounce,3.23
venijn,venom,2.37
venkel,fennel,4.05
venster,window,4.27
vent,fellow,3.92
ver,far,3.47
veranderbaar,convertible,4.66
veranderlijk,variable,4.27
verantwoordelijk,responsible,5.3
verbaasd,surprised,4.17
verband,connection,3.84
verbazing,astonishment,4.47
verbeten,grim,3.15
verbijsterd,bewildered,3.38
verdacht,suspect,2.75
verdedigen,to defend,4.5
verdediger,defender,4.81
verdraagzaam,tolerant,5.34
verdriet,grief,2.02
verdrietig,sad,2.17
verdwijnen,to disappear,3.03
verf,paint,4.44
verfijnd,refined,5.28
vergankelijk,transient,3.1
vergeetachtig,forgetful,2.88
vergen,to require,3.57
vergeven,to forgive,5.33
vergif,poison,2.06
verheugd,pleased,5.77
verjaardag,birthday,5.75
verkeer,traffic,3.61
verkeerd,wrong,2.53
verkrachting,rape,1.31
verkwister,spendthrift,2.53
verlangen,desire,5.3
verlaten,to leave,2.41
verlegen,shy,3.56
verlegenheid,embarrassment,3.4
verlept,withered,2.75
verliefd,in love,6.38
verliefdheid,infatuation,6
verlies,loss,2.22
verloren,lost,2.59
vermakelijk,entertaining,5.41
vermijden,to avoid,2.91
verminkt,maimed,1.59
vermoeid,tired,2.61
vermoeiend,tiresome,2.62
vernederd,humiliated,1.92
vernedering,degradation,1.84
vernielen,to destroy,2.19
vernietigen,to destroy,2.05
vernis,varnish,4.02
vernuft,ingenuity,4.53
verraad,betrayal,2
verrassing,surprise,5.98
vers,fresh,5.55
versie,version,4.2
verslaafd,addicted,1.98
verslagen,defeated,2.73
verslapt,slackened,2.75
versleten,worn,2.69
verstikking,suffocation,1.83
verstrooid,absent,3.09
vertraagd,delayed,2.91
vervelend,annoying,2.52
verveling,boredom,2.52
verven,to paint,4.3
verwaand,conceited,2.27
verwant,related,4.94
verward,confused,2.73
verwerpen,to reject,2.98
verwoed,furiously,3.31
verwoesten,to destroy,1.81
verwoesting,destruction,1.75
verwonderd,surprised,5.02
vest,vest,4.41
vet,fat,2.75
vete,feud,2.44
veter,lace,4.05
veto,veto,3.55
veulen,foal,4.84
vezel,fiber,4.22
vieren,to celebrate,5.8
vierkant,square,4.09
vies,dirty,2.33
vijand,enemy,1.88
vijandig,hostile,1.95
vijg,fig,4.06
vijl,file,3.8
vijlen,to file,3.86
vijver,pond,4.55
viking,viking,3.89
villa,villa,5.41
vin,fin,4
vinden,to find,4.8
vindingrijk,resourceful,5.73
vinger,finger,4.31
vink,finch,4.24
vinnig,sharp,3.89
viool,violin,4.75
virus,virus,2.08
vis,fish,4.34
vissen,to fish,4.17
vitaal,vital,5.54
vizier,visor,3.8
vlaag,gust,3.44
vlaai,flan,4.72
vlag,flag,4.33
vlak,plane,3.89
vlam,flame,4.03
vlas,flax,3.9
vlecht,braid,4.55
vlees,meat,4.7
vlegel,brat,3.19
vlek,stain,3.12
vleugel,wing,4.55
vleugje,whiff,4.78
vlieg,fly,3.38
vliegen,to fly,4.89
vliegtuig,plane,4.61
vlies,membrane,3.56
vlijt,diligence,4.98
vlijtig,diligent,5.22
vlinder,butterfly,5.47
vlo,flea,2.81
vloed,flood,3.95
vloedgolf,tidal wave,2.52
vloeien,to flow,4.25
vloek,curse,2.28
vloeken,to curse,2.39
vloer,floor,4.05
vloot,fleet,4.22
vlot,raft,5.08
vlucht,flight,3.34
vluchten,to flee,2.61
vlug,quickly,4.16
vocht,moisture,3.62
vod,rag,2.92
voeden,to feed,4.81
voedsel,food,5.14
voeg,joint,3.97
voelen,to feel,4.92
voer,feed,4.2
voertuig,vehicle,4.39
voet,foot,4.12
voetbal,football,4.45
vogel,bird,4.66
vol,full,4.25
voldaan,satisfied,5.48
volgen,to follow,3.91
volgzaam,docile,3.72
volharden,to persevere,5.23
volhardend,persevering,5.36
volhouden,to persevere,5.58
volhoudend,persevering,5.44
volhouder,stayer,5.77
volk,people,4.38
volt,volt,3.67
volwassen,adult,5.03
vonk,spark,4.72
vonnis,judgment,3.08
voogd,guardian,4
voordeel,advantage,5.62
voorkeur,preference,4.97
voorkomend,considerate,4.53
voorrang,priority,5
voorspoed,prosperity,5.72
voorsprong,lead,5.39
voortvarend,dynamic,5.06
vooruitstrevend,progressive,5.78
voorzichtig,careful,4.8
vork,fork,4.05
vorm,form,4.14
vormen,to form,4.34
vorst,frost,4.11
vos,fox,4.27
vouw,fold,3.97
vouwen,to fold,4.05
vraag,question,4.23
vracht,freight,3.86
vrachtwagen,truck,3.8
vragen,to ask,4.42
vrede,peace,6.42
vredig,peaceful,5.91
vreemd,strange,3.14
vrees,fear,2.55
vreten,to stuff oneself,2.89
vreugde,joy,6.3
vrezen,to fear,2.66
vriend,friend,6.3
vriendelijk,friendly,6.02
vriendschap,friendship,6.42
vrij,free,5.98
vrijen,to make love,6.16
vrijgevig,liberal,5.64
vrijheid,freedom,6.3
vrijpostig,bold,3.74
vroeg,early,3.52
vrolijk,merry,6.17
vrolijkheid,cheerfulness,6.28
vroom,pious,3.92
vrouw,woman,5.16
vrucht,fruit,4.95
vruchtbaar,fertile,5.78
vuil,dirty,2.58
vuilnis,garbage,2.64
vuilnisbak,trash can,3
vuist,fist,3.05
vulgair,vulgar,2.16
vulkaan,volcano,3.69
vullen,to fill,4.39
vuren,to fire,3
vurig,fervently,5.06
vuur,fire,3.95
vuurwerk,firework,5.19
waaien,to blow,3.95
waal,Walloon,3.97
waan,delusion,2.66
waanzin,frenzy,2.59
WAAR,1,5.2
waarde,value,5
waardeloos,worthless,2
waarheid,truth,5.78
waas,haze,3.27
wacht,wait,3.56
wachten,to wait,3.16
wafel,waffle,4.97
wagen,to risk,4.38
wagon,wagon,3.98
wak,ice hole,3.02
waken,to watch,4.33
wakker,awake,4.89
wal,wall,3.88
walging,disgust,1.86
walm,smoke,2.98
wals,waltz,4.53
walsen,to waltz,4.5
wand,wall,4.11
wandaad,misdeed,2.25
wandel,walking,4.64
wang,cheek,4.41
wanhoop,despair,1.88
wanhopig,desperate,2.08
wankel,unstable,3
wantrouwig,suspicious,2.53
wapen,weapon,2.38
war,confused,3.17
waren,goods,3.8
warm,hot,5.61
warmhartig,warm-hearted,6.02
warmte,heat,5.77
was,was,3.61
wassen,to wash,4.39
water,water,4.95
web,web,3.78
wedden,to bet,4.06
week,weak,4
weelde,wealth,5.32
weemoedig,melancholy,2.93
weer,wheather,4.45
weerloos,defenseless,2.45
wees,orphan,2.39
weg,road,3.84
wegduwen,to push,2.7
weglopen,to walk away,2.62
wegrennen,to run away,2.98
wegvluchten,to flee,2.55
weide,meadow,4.75
weigeren,to refuse,2.77
wekken,to arouse,3.66
welbespraakt,fluent,5.55
weldaad,benefaction,5.47
wellevend,courteous,5.44
welopgevoed,well-bred,5.69
welp,cub,4.87
welvaart,prosperity,5.86
wenden,to turn,4.19
wenen,to weep,2.55
wenk,hint,4.25
wennen,to get used to,4.23
wens,desire,5.69
wensen,to wish,5.52
wereld,world,5
weren,to ward,3.58
werf,yard,4.09
werk,work,4.25
werken,to work,4.28
werkloos,unemployed,2.12
werkloosheid,unemployment,2.06
werpen,to throw,3.95
wervel,vertebra,3.91
werven,to recruit,4.33
wesp,wasp,2.8
west,west,4.23
wet,law,3.97
weten,to know,4.95
weven,to weave,4.16
wezel,weasel,3.85
wezen,being,3.62
wicht,weight,2.56
wieg,cradle,4.8
wiegen,to rock,4.84
wiek,wick,4
wiel,wheel,4.2
wier,seaweed,3.8
wig,wedge,3.62
wijd,wide,4.09
wijden,to devote,4.25
wijf,woman,2.42
wijk,district,4.25
wijken,to make way,3.33
wijn,wine,4.98
wijs,wise,5.69
wijten,to blame,3.31
wijzen,to point,3.61
wil,will,4.94
wild,game,3.81
wilg,willow,4.36
willen,to like,4.62
wilskracht,willpower,5.8
wimper,eyelash,4.36
wind,wind,3.94
winkel,shop,4.61
winnaar,winner,5.97
winnen,to win,5.94
winst,profit,5.77
winter,winter,4.02
wippen,to seesaw,4.48
wissel,switch,3.84
wissen,to clear,3.2
wit,white,4.41
wodka,vodka,4.08
woede,rage,2.09
woedend,furious,2.08
woelen,to toss,3.23
woest,wild,2.08
wok,wok,4.67
wol,wool,4.42
wolf,wolf,3.83
wolk,cloud,4.55
wonde,wound,2.66
wonder,miracle,6.12
wonen,to live,4.78
woord,word,4.39
worden,to become,4.61
worm,worm,3.17
worp,throw,4.17
worst,sausage,4.12
wortel,root,4.38
woud,forest,4.69
wraak,revenge,2
wraakzuchtig,vindictive,1.92
wrak,wreck,2.42
wrang,sour,2.64
wrat,wart,2.33
wreed,cruel,2.05
wreef,instep,3.94
wreken,to avenge,2.26
wrevel,resentment,2.77
wrijven,to rub,4.09
wringen,to wring,3.11
wroeging,remorse,2.63
wrok,resentment,2.41
wuiven,to wave,4.72
wurgen,to strangle,1.66
yoga,yoga,4.72
yoghurt,yogurt,4.59
zaad,seed,4.39
zaag,saw,3.28
zaaien,to sow,4.67
zaak,case,4.14
zaal,room,4.11
zacht,soft,5.48
zachtaardig,mild,5.7
zachtmoedig,meek,5.28
zadel,saddle,4.2
zagen,to saw,3.17
zak,bag,3.38
zakgeld,pocket money,5.33
zakken,to lower,3.12
zalf,ointment,4.3
zalig,blessed,6.34
zalm,salmon,4.48
zalven,to anoint,4.08
zand,sand,4.41
zang,song,5.17
zanger,singer,5.05
zat,drunk,3.2
zebra,zebra,4.7
zee,sea,5.23
zeef,sieve,3.97
zeep,soap,4.55
zeer,very,3.5
zege,victory,5.62
zegel,seal,4.17
zegen,blessing,5.36
zeggen,to say,4.36
zeil,sail,4.36
zeilen,to sail,4.89
zeis,scythe,3
zeker,certain,5.25
zelf,self,4.78
zelfbewust,self-conscious,5.41
zelfgenoegzaam,self-sufficient,3.38
zelfingenomen,smug,2.31
zelfmoord,suicide,1.3
zelfvoldaan,complacent,4.03
zelfzeker,confident,5.67
zelfzuchtig,selfish,2.33
zenden,to send,4.27
zenuw,nerve,3.55
zenuwachtig,nervous,2.86
zenuwachtigheid,nervousness,2.78
zenuwen,nerves,3
zerk,tombstone,2.67
zet,move,3.92
zetel,seat,4.58
zetten,to set,3.97
zeug,sow,3.62
zeuren,to whine,2.44
zicht,view,4.67
ziek,ill,2.06
ziekelijk,sickly,1.88
ziekenhuis,hospital,2.95
ziekte,disease,1.78
ziel,soul,4.72
zielig,pathetic,2.27
zien,to see,4.81
zijde,side/silk,4.78
zilver,silver,5.08
zin,sentence/sense,5.02
zindelijk,clean,4.94
zingen,to sing,5.22
zink,zinc,3.67
zinken,to sink,2.48
zinnen,to fancy,4.11
zitplaats,seat,4.57
zitten,to sit,4.44
zoeken,to search,3.84
zoemen,to buzz,3.44
zoen,kiss,6.02
zoet,sweet,5.58
zogen,to nurse,4.5
zolder,attic,4.08
zombie,zombie,2.42
zomer,summer,6.17
zon,sun,6.12
zonde,sin,2.48
zondig,sinful,2.53
zondvloed,flood,2.53
zone,zone,3.95
zonnen,to sun,5.5
zonneschijn,sunshine,6.19
zool,sole,3.92
zoom,zoom,4.06
zoon,son,5.19
zorg,care,4.81
zorgeloos,carefree,5.62
zorgen,to care,3.83
zorgzaam,considerate,5.86
zot,fool,3.7
zout,salt,4.19
zucht,sigh,3.12
zuid,south,4.56
zuigen,to suck,4.05
zuil,column,4.2
zuipen,to booze,3.16
zuivel,dairy,4.53
zuiver,pure,5.44
zullen,to will,4.11
zus,sister,5.27
zuster,sister,4.75
zuur,acid,2.75
zwaaien,to wave,4.69
zwaan,swan,5
zwaar,heavy,3.03
zwaard,sword,3.53
zwager,brother,4.53
zwak,weak,2.48
zwakkeling,weakling,2.22
zwaluw,swallow,4.55
zwanger,pregnant,5.34
zwart,black,3.61
zwavel,sulfur,3.14
zweem,shadow,3.76
zweep,whip,2.78
zweer,ulcer,2.62
zweet,sweat,2.94
zwellen,to swell,2.94
zwemmen,swim,4.91
zwemmer,swimmer,4.72
zweren,to swear,3.39
zwerm,swarm,3.2
zwermen,to swarm,3.23
zwerven,to roam,2.67
zweten,to sweat,3
zweven,to float,4.98
zwier,panache,4.44
zwijgen,to keep silent,3.66
zwijgzaam,taciturn,3.31
zwijn,pig,3.22
zwoegen,to toil,2.94
zwoel,sultry,5.36
